Kod.stacji,Stary.Kod.stacji,Wojewodstwo,Miejscowosc,Lat,Lon
DsBialka,DsBialka,DOLNOŚLĄSKIE,Białka,51.197783,16.11739
DsBielGrot,DsBielGrot,DOLNOŚLĄSKIE,Bielawa,50.68251,16.617348
DsBogatFrancMOB,DsBogatMob,DOLNOŚLĄSKIE,Bogatynia,50.940998,14.91679
DsBogChop,DsBogChop,DOLNOŚLĄSKIE,Bogatynia,50.905856,14.967175
DsBogZatonieMob,DsBogZatonieMob,DOLNOŚLĄSKIE,Bogatynia,50.943245,14.913327
DsBoleslaMOB,DsBoleslaMOB,DOLNOŚLĄSKIE,Bolesławiec,51.263245,15.570354
DsBrzegGlog,DsBrzegGlog,DOLNOŚLĄSKIE,Brzeg Głogowski,51.691438,15.91784
DsChojnowKil,DsChojnowKil,DOLNOŚLĄSKIE,Chojnów,51.268889,15.940278
DsCzar07,DsCzar07,DOLNOŚLĄSKIE,Czarna Góra,50.255072,16.801641
DsCzerStraza,DsCzer02,DOLNOŚLĄSKIE,Czerniawa,50.912475,15.31219
DsCzLasMob,DsCzLasMob,DOLNOŚLĄSKIE,Czarny Las,51.541658,16.937064
DsDuszZiel,DsDuszZiel,DOLNOŚLĄSKIE,Duszniki-Zdrój,50.393396,16.38247
DsDzialoszyn,DsDzia01,DOLNOŚLĄSKIE,Działoszyn,50.972167,14.941319
DsDziePilsud,DsDzierPilsA,DOLNOŚLĄSKIE,Dzierżoniów,50.732817,16.64805
DsDzierKras,DsDzierKras,DOLNOŚLĄSKIE,Dzierżoniów,50.726338,16.647286
DsGlogMob,DsGlogMob,DOLNOŚLĄSKIE,Głogów,51.657022,16.097822
DsGlogNorw,DsGlogNorw,DOLNOŚLĄSKIE,Głogów,51.65713,16.086188
DsGlogNorwArch,DsGlogNorwArch,DOLNOŚLĄSKIE,Głogów,51.657152,16.086183
DsGlogOrzech,DsGlogOrzech,DOLNOŚLĄSKIE,Głogów,51.648546,16.092286
DsGlogowko,DsGlogowko,DOLNOŚLĄSKIE,Głogówko,51.731824,16.097768
DsGlogSikor,DsGlogSikor,DOLNOŚLĄSKIE,Głogów,51.664508,16.040822
DsGlogWiStwo,DsGlogWita,DOLNOŚLĄSKIE,Głogów,51.657022,16.097822
DsGrodziec,DsGrodziec,DOLNOŚLĄSKIE,Grodziec Mały,51.687496,16.073213
DsJasnaSport,DsJasnaSport,DOLNOŚLĄSKIE,Jasna Góra,50.873692,14.954236
DsJawDmow,DsJawDmow,DOLNOŚLĄSKIE,Jawor,51.057121,16.179854
DsJedlZdroj,DsJedlZdroj,DOLNOŚLĄSKIE,Jedlina-Zdrój,50.728378,16.345481
DsJelGorOgin,DsJeleniaGoraA,DOLNOŚLĄSKIE,Jelenia Góra,50.913433,15.765608
DsJelGorSoko,DsJeleniaGoraPM,DOLNOŚLĄSKIE,Jelenia Góra,50.871214,15.700947
DsJelw05,DsJelw05,DOLNOŚLĄSKIE,Jeleniów,51.224843,15.232984
DsJgCiep,DsJgCiep,DOLNOŚLĄSKIE,Jelenia Góra,50.862966,15.681788
DsJgCiepA,DsJgCiepA,DOLNOŚLĄSKIE,Jelenia Góra,50.861853,15.678761
DsJgGrottgeraPM,DsJgGrottgeraPM,DOLNOŚLĄSKIE,Jelenia Góra,50.897497,15.736629
DsJgGrottgeraPMArch,DsJgGrottgeraPMArch,DOLNOŚLĄSKIE,Jelenia Góra,50.897497,15.736629
DsJgScieg,DsJgScieg,DOLNOŚLĄSKIE,Jelenia Góra,50.865874,15.679301
DsJgWoln,DsJgWoln,DOLNOŚLĄSKIE,Jelenia Góra,50.885634,15.717597
DsJgZabob,DsJgZabob,DOLNOŚLĄSKIE,Jelenia Góra,50.91447,15.764693
DsKalinowka,DsKalinowka,DOLNOŚLĄSKIE,Kalinowka,51.5226,16.244147
DsKawice,DsKawice,DOLNOŚLĄSKIE,Kawice,51.230833,16.428889
DsKgMob,DsKgMob,DOLNOŚLĄSKIE,Kamienna Góra,50.786873,16.029129
DsKgSien,DsKgSien,DOLNOŚLĄSKIE,Kamienna Góra,50.781207,16.029155
DsKlodzOkrz,DsKlodzOkrz,DOLNOŚLĄSKIE,Kłodzko,50.433389,16.650177
DsKlodzSzkol,DsKlodzkoA,DOLNOŚLĄSKIE,Kłodzko,50.433493,16.65366
DsKobierz,DsKobierz,DOLNOŚLĄSKIE,Kobierzyce,50.968056,16.928056
DsKowMaj,DsKowMaj,DOLNOŚLĄSKIE,Kowary,50.793145,15.835843
DsKozDoly,DsKozDoly,DOLNOŚLĄSKIE,Kozie Doły,51.727524,16.025971
DsKromolin,DsKromolin,DOLNOŚLĄSKIE,Kromolin,51.684959,15.894901
DsKudowaMOB,DsKudowaMOB,DOLNOŚLĄSKIE,Kudowa-Zdrój,50.447096,16.238509
DsKudSlon,DsKudSlon,DOLNOŚLĄSKIE,Kudowa-Zdrój,50.439976,16.248312
DsLadekWol,DsLadekWol,DOLNOŚLĄSKIE,Lądek-Zdrój,50.345683,16.888804
DsLegAlRzecz,DsLegRzeczA,DOLNOŚLĄSKIE,Legnica,51.204503,16.180513
DsLegIwasz,DsLegIwasz,DOLNOŚLĄSKIE,Legnica,51.208189,16.216706
DsLegJaworz,DsLegJaworz,DOLNOŚLĄSKIE,Legnica,51.191168,16.156159
DsLegKsiez,DsLegKsiez,DOLNOŚLĄSKIE,Legnica,51.208727,16.190277
DsLegMick,DsLegMick,DOLNOŚLĄSKIE,Legnica,51.202831,16.164608
DsLegPoraz,DsLegPoraz,DOLNOŚLĄSKIE,Legnica,51.193519,16.135192
DsLegRzecz,DsLegRzecz,DOLNOŚLĄSKIE,Legnica,51.204196,16.179819
DsLegRzeczPM,DsLegRzeczPM,DOLNOŚLĄSKIE,Legnica,51.20423,16.180763
DsLegSmok,DsLegSmok,DOLNOŚLĄSKIE,Legnica,51.180776,16.098375
DsLegZlotor,DsLegZlotor,DOLNOŚLĄSKIE,Legnica,51.188018,16.129061
DsLesnaRyn,DsLesnaRyn,DOLNOŚLĄSKIE,Leśna,51.023029,15.263245
DsLubanRyn,DsLubanRyn,DOLNOŚLĄSKIE,Lubań,51.120172,15.290536
DsLubanZaw,DsLubanZaw,DOLNOŚLĄSKIE,Lubań,51.1166,15.27208
DsLubinMaj,DsLubinMaj,DOLNOŚLĄSKIE,Lubin,51.398416,16.199642
DsLubinMob,DsLubinMob,DOLNOŚLĄSKIE,Lubin,51.406741,16.187307
DsLubinSowia,DsLubinSowia,DOLNOŚLĄSKIE,Lubin,51.38,16.212564
DsLubiWierzb,DsLubiWierzb,DOLNOŚLĄSKIE,Lubin,51.406505,16.188329
DsLwowekPart,DsLwowekPart,DOLNOŚLĄSKIE,Lwówek Śląski,51.111733,15.579598
DsNowRudSreb,DsNRudaSrebP,DOLNOŚLĄSKIE,Nowa Ruda,50.579914,16.514422
DsNRudaPil,DsNRudaPil,DOLNOŚLĄSKIE,Nowa Ruda,50.58389,16.502458
DsNRudaSlupPM,DsNRudaSlupPM,DOLNOŚLĄSKIE,Nowa Ruda - Słupiec,50.550008,16.553645
DsNRudaSrebA,DsNRudaSrebA,DOLNOŚLĄSKIE,Nowa Ruda,50.579924,16.514303
DsNRudaSrebPArch,DsNRudaSrebPArch,DOLNOŚLĄSKIE,Nowa Ruda,50.579913,16.514422
DsOla3Maj,DsOla3Maj,DOLNOŚLĄSKIE,Oława,50.945755,17.29615
DsOlawZolnAK,DsOlawaSemi,DOLNOŚLĄSKIE,Oława,50.942073,17.291333
DsOlesBrzozo,DsOlesnicaPM,DOLNOŚLĄSKIE,Oleśnica,51.217483,17.389997
DsOlesnicaPM-Arch,DsOlesnicaPM-Arch,DOLNOŚLĄSKIE,Oleśnica,51.217494,17.389998
DsOlesRyn,DsOlesRyn,DOLNOŚLĄSKIE,Oleśnica,51.209491,17.379688
DsOsieczow21,DsOsieczow,DOLNOŚLĄSKIE,Osieczów,51.31763,15.431719
DsPolanPark,DsPolanPark,DOLNOŚLĄSKIE,Polanica-Zdrój,50.407434,16.511192
DsPolanSportMOB,DsPolanSportMOB,DOLNOŚLĄSKIE,Polanica-Zdrój,50.415758,16.513058
DsPolKasztan,DsPolkKasz,DOLNOŚLĄSKIE,Polkowice,51.50237,16.075051
DsPolkDabr,DsPolkDabr,DOLNOŚLĄSKIE,Polkowice,51.503659,16.075061
DsPrzerzZdr,DsPrzerzZdr,DOLNOŚLĄSKIE,Przerzeczyn-Zdrój,50.685276,16.831781
DsRadomierz,DsRadomierz,DOLNOŚLĄSKIE,Radomierzyce,51.0583,14.973735
DsRudna,DsRudna,DOLNOŚLĄSKIE,Rudna,51.512506,16.251711
DsRudnaWit,DsRudnaWit,DOLNOŚLĄSKIE,Rudna,51.504339,16.261379
DsSlone,DsSlone,DOLNOŚLĄSKIE,Słone,51.661053,16.022652
DsSnie04,DsSnie04,DOLNOŚLĄSKIE,NA,50.778373,15.557425
DsSniezkaObs,DsSniezka,DOLNOŚLĄSKIE,Karpacz,50.736389,15.739722
DsSobczyce,DsSobczyce,DOLNOŚLĄSKIE,Sobczyce,51.702092,16.067231
DsSoko08,DsSoko08,DOLNOŚLĄSKIE,Sokolec,50.668056,16.475
DsSpal06,DsSpal06,DOLNOŚLĄSKIE,Spalona,50.27657,16.538299
DsStrzMob,DsStrzMob,DOLNOŚLĄSKIE,Strzelin,50.784386,17.079435
DsSwidnFolwa,DsSwidnFolwa,DOLNOŚLĄSKIE,Świdnica,50.84443,16.494006
DsSwidnMarciMOB,DsSwidMob,DOLNOŚLĄSKIE,Świdnica,50.846559,16.466928
DsSwidnRynek,DsSwidRynek,DOLNOŚLĄSKIE,Świdnica,50.842364,16.486703
DsSwidRynekArch,DsSwidRynekArch,DOLNOŚLĄSKIE,Świdnica,50.84236,16.486704
DsSwidWalb,DsSwidWalb,DOLNOŚLĄSKIE,Świdnica,50.838047,16.480395
DsSzczaKolej,DsSzczDZPM,DOLNOŚLĄSKIE,Szczawno-Zdrój,50.804189,16.254111
DsSzczAzalMob,DsSzczAzalMob,DOLNOŚLĄSKIE,Szczawno-Zdrój,50.806472,16.253264
DsSzczKopPM,DsSzczKopPM,DOLNOŚLĄSKIE,Szczawno-Zdrój,50.801538,16.250145
DsSzczMagMob,DsSzczMagMob,DOLNOŚLĄSKIE,Szczawno-Zdrój,50.801523,16.250182
DsSzczOgr,DsSzczOgr,DOLNOŚLĄSKIE,Szczawno-Zdrój,50.805025,16.257246
DsSzczRat,DsSzczRat,DOLNOŚLĄSKIE,Szczawno-Zdrój,50.802699,16.254862
DsSzklarkiMob,DsSzklarkiMob,DOLNOŚLĄSKIE,Szklarki,51.515908,15.747383
DsSzkPor1MajMOB,DsSzkPor1MajMOB,DOLNOŚLĄSKIE,Szklarska Poręba,50.822706,15.528251
DsTarnowek,DsTarnowek,DOLNOŚLĄSKIE,Tarnowek,51.513299,16.166761
DsTrzebBoch,DsTrzebBoch,DOLNOŚLĄSKIE,Trzebnica,51.310278,17.062778
DsTrzebLes,DsTrzebLes,DOLNOŚLĄSKIE,Trzebnica,51.303889,17.07
DsTrzebMob,DsTrzebMob,DOLNOŚLĄSKIE,Trzebnica,51.305272,17.060139
DsWalbBator,DsWalbBator,DOLNOŚLĄSKIE,Wałbrzych,50.774028,16.278035
DsWalbGrodz,DsWalbGrodz,DOLNOŚLĄSKIE,Wałbrzych,50.823623,16.275474
DsWalbJord,DsWalbJord,DOLNOŚLĄSKIE,Wałbrzych,50.759444,16.241389
DsWalbKost,DsWalbKost,DOLNOŚLĄSKIE,Wałbrzych,50.762702,16.244248
DsWalbrzWyso,DsWalbWysA,DOLNOŚLĄSKIE,Wałbrzych,50.768729,16.269677
DsWalbWysPArch,DsWalbWysPArch,DOLNOŚLĄSKIE,Wałbrzych,50.768747,16.269584
DsWitk09,DsWitk09,DOLNOŚLĄSKIE,Witków,50.81652,16.122029
DsWitka,DsWitka,DOLNOŚLĄSKIE,Witka,51.041136,14.980327
DsWlen03,DsWlen03,DOLNOŚLĄSKIE,Wleń,51.012248,15.668279
DsWrocAlWisn,DsWrocWisA,DOLNOŚLĄSKIE,Wrocław,51.086225,17.012689
DsWrocBartni,DsWrocBartA,DOLNOŚLĄSKIE,Wrocław,51.115933,17.141125
DsWrocGrun,DsWrocGrun,DOLNOŚLĄSKIE,Wrocław,51.109899,17.056491
DsWrocKorzPMArch,DsWrocKorzPMArch,DOLNOŚLĄSKIE,Wrocław,51.129409,17.029552
DsWrocKrom,DsWrocKrom,DOLNOŚLĄSKIE,Wrocław,51.132752,17.064494
DsWrocNaGrob,DsWrocGrobla,DOLNOŚLĄSKIE,Wrocław,51.103456,17.059225
DsWrocOlsz,DsWrocOlsz,DOLNOŚLĄSKIE,Wrocław,51.102735,17.096759
DsWrocOpor,DsWrocOpor,DOLNOŚLĄSKIE,Wrocław,51.098027,17.002063
DsWrocOrzech,DsWrocOrzech,DOLNOŚLĄSKIE,Wrocław,51.077525,17.042817
DsWrocOrzechArch,DsWrocOrzechArch,DOLNOŚLĄSKIE,Wrocław,51.077525,17.042816
DsWrocPret,DsWrocPret,DOLNOŚLĄSKIE,Wrocław,51.090895,17.013682
DsWrocSklad,DsWrocSklad,DOLNOŚLĄSKIE,Wrocław,51.119722,17.0275
DsWrocTech,DsWrocTech,DOLNOŚLĄSKIE,Wrocław,51.113611,17.013056
DsWrocUkr,DsWrocUkr,DOLNOŚLĄSKIE,Wrocław,51.117029,17.053859
DsWrocWie,DsWrocWie,DOLNOŚLĄSKIE,Wrocław,51.10549,17.036471
DsWrocWybCon,DsWrocKorzA,DOLNOŚLĄSKIE,Wrocław,51.129378,17.02925
DsWyszkow,DsWyszkow,DOLNOŚLĄSKIE,Wyszków,50.963536,14.993653
DsZabkKlodz,DsZabkKlodz,DOLNOŚLĄSKIE,Ząbkowice Śląskie,50.586033,16.809694
DsZabkPowWar,DsZabkowSemi,DOLNOŚLĄSKIE,Ząbkowice Śląskie,50.592325,16.819786
DsZameczno,DsZameczno,DOLNOŚLĄSKIE,Zameczno,51.669507,15.932111
DsZgorBohGet,DsZgorzBohA,DOLNOŚLĄSKIE,Zgorzelec,51.150391,15.008175
DsZgorzMar,DsZgorzMar,DOLNOŚLĄSKIE,Zgorzelec,51.145777,15.012233
DsZgorzOrz,DsZgorzOrz,DOLNOŚLĄSKIE,Zgorzelec,51.130156,15.001958
DsZgorzWar,DsZgorzWar,DOLNOŚLĄSKIE,Zgorzelec,51.148418,15.007949
DsZlotKosc,DsZlotKosc,DOLNOŚLĄSKIE,Złotoryja,51.123326,15.911288
DsZlotoryjaPMArch,DsZlotoryjaPMArch,DOLNOŚLĄSKIE,Złotoryja,51.1239,15.920289
DsZlotoStasz,DsZlotoryjaPM,DOLNOŚLĄSKIE,Złotoryja,51.1239,15.920289
DsZukowice,DsZukowice,DOLNOŚLĄSKIE,Żukowice,51.667269,15.984407
KpAirpKoluda,KpAirpKoluda,KUJAWSKO-POMORSKIE,Kołuda Wielka,52.735747,18.148678
KpBrodKochan,KpBrodnicaKochanowskiego,KUJAWSKO-POMORSKIE,Brodnica,53.249264,19.415086
KpBrodnZwirki,KpBrodnZwirki,KUJAWSKO-POMORSKIE,Brodnica,53.2575,19.406667
KpBydBerling,KpBydgBerlinga,KUJAWSKO-POMORSKIE,Bydgoszcz,53.151467,18.132111
KpBydgATRKalisk,KpBydgATRKalisk,KUJAWSKO-POMORSKIE,Bydgoszcz,53.142778,18.126944
KpBydgBlota,KpBydgBlota,KUJAWSKO-POMORSKIE,Białe Błota,53.100278,17.920278
KpBydgChemEC,KpBydgChemEC,KUJAWSKO-POMORSKIE,Bydgoszcz,53.104444,18.073611
KpBydgCO,KpBydgCO,KUJAWSKO-POMORSKIE,Bydgoszcz,53.150833,18.131389
KpBydgMorska,KpBydgMorska,KUJAWSKO-POMORSKIE,Bydgoszcz,53.1275,18.054444
KpBydgUjejskiego,KpBydgUjejskiego,KUJAWSKO-POMORSKIE,Bydgoszcz,53.114722,18.027222
KpBydgWPola,KpBydgWPola,KUJAWSKO-POMORSKIE,Bydgoszcz,53.125,17.975833
KpBydgWzgWolnosci,KpBydgWzgWolnosci,KUJAWSKO-POMORSKIE,Bydgoszcz,53.115833,18.016111
KpBydgZachemHutn,KpBydgZachemHutn,KUJAWSKO-POMORSKIE,Bydgoszcz,53.101667,18.106111
KpBydgZachemWojska,KpBydgZachemWojska,KUJAWSKO-POMORSKIE,Bydgoszcz,53.102222,18.059444
KpBydPlPozna,KpBydgPlPozn,KUJAWSKO-POMORSKIE,Bydgoszcz,53.121764,17.987906
KpBydWarszaw,KpBydgWarszawska,KUJAWSKO-POMORSKIE,Bydgoszcz,53.134083,17.995708
KpChelmnLunawska,KpChelmnLunawska,KUJAWSKO-POMORSKIE,Chełmno,53.348611,18.445278
KpCiechTezni,KpCiechoTezniowa,KUJAWSKO-POMORSKIE,Ciechocinek,52.888422,18.780908
KpDAFAleksandrowK,KpDAFAleksandrowK,KUJAWSKO-POMORSKIE,Aleksandrów Kujawski,52.878333,18.6975
KpDAFBrzescK,KpDAFBrzescK,KUJAWSKO-POMORSKIE,Brześć Kujawski,52.605,18.906944
KpDAFChelmza,KpDAFChelmza,KUJAWSKO-POMORSKIE,Chełmża,53.186389,18.610556
KpDAFChodecz,KpDAFChodecz,KUJAWSKO-POMORSKIE,Chodecz,52.401667,19.029444
KpDAFDobrzynUM,KpDAFDobrzynUM,KUJAWSKO-POMORSKIE,Dobrzyń nad Wisłą,52.637778,19.321667
KpDAFGolub,KpDAFGolub,KUJAWSKO-POMORSKIE,Golub-Dobrzyń,53.120556,19.050556
KpDAFIzbica,KpDAFIzbica,KUJAWSKO-POMORSKIE,Izbica Kujawska,52.419478,18.767222
KpDAFLasin,KpDAFLasin,KUJAWSKO-POMORSKIE,Łasin,53.518333,19.089444
KpDAFMarusza,KpDAFMarusza,KUJAWSKO-POMORSKIE,Grudziądz,53.453889,18.791667
KpDAFNieszawa,KpDAFNieszawa,KUJAWSKO-POMORSKIE,Nieszawa,52.838611,18.895
KpDAFRadziejowRPGK,KpDAFRadziejowRPGK,KUJAWSKO-POMORSKIE,Radziejów,52.629722,18.530278
KpDAFRadzyn,KpDAFRadzyn,KUJAWSKO-POMORSKIE,Radzyń Chełmiński,53.381944,18.936944
KpDAFRypinKOMES,KpDAFRypinKOMES,KUJAWSKO-POMORSKIE,Rypin,53.065556,19.405278
KpGrudPilsud,KpAirpGrudz,KUJAWSKO-POMORSKIE,Grudziądz,53.49355,18.762139
KpGrudSienki,KpGrudzStar,KUJAWSKO-POMORSKIE,Grudziądz,53.491831,18.752503
KpGrudzIkara,KpGrudzIkara,KUJAWSKO-POMORSKIE,Grudziądz,53.464167,18.769444
KpGrudzKosynierow,KpGrudzKosynierow,KUJAWSKO-POMORSKIE,Grudziądz,53.492778,18.754167
KpInowOsMatwMOB,KpInowOsMatwMOB,KUJAWSKO-POMORSKIE,Inowrocław,52.755688,18.25438
KpInowrKleeberga,KpInowrKleeberga,KUJAWSKO-POMORSKIE,Inowrocław,52.786667,18.250556
KpInowrMatewska,KpInowrMatewska,KUJAWSKO-POMORSKIE,Inowrocław,52.751944,18.2625
KpInowrPlacKlaszt,KpInowrPlacKlaszt,KUJAWSKO-POMORSKIE,Inowrocław,52.796667,18.258889
KpInowrPoznanska,KpInowrPoznanska,KUJAWSKO-POMORSKIE,Inowrocław,52.75,18.2525
KpInowrSolan,KpInowrSolan,KUJAWSKO-POMORSKIE,Inowrocław,52.794722,18.245
KpInowrSolankowa,KpInowrSolankowa,KUJAWSKO-POMORSKIE,Inowrocław,52.793611,18.243333
KpInowSolank,KpAirpInowr,KUJAWSKO-POMORSKIE,Inowrocław,52.793122,18.241044
KpKoniczynka,KpKoniczZMSP,KUJAWSKO-POMORSKIE,Koniczynka,53.080647,18.684258
KpKruszwicamob,KpKruszwicamob,KUJAWSKO-POMORSKIE,Kruszwica,52.678056,18.314167
KpKruszynLotnisko,KpKruszynLotnisko,KUJAWSKO-POMORSKIE,Kruszyn,52.586114,19.01
KpMogilKosciuszki,KpMogilKosciuszki,KUJAWSKO-POMORSKIE,Mogilno,52.659167,17.949722
KpNakloSkargi,KpNakloSkargi,KUJAWSKO-POMORSKIE,Nakło nad Notecią,53.139444,17.607778
KpNaklSkargi,KpNakloPiotraSkargi,KUJAWSKO-POMORSKIE,Nakło nad Notecią,53.138358,17.605139
KpNwiesNaftobazy,KpNwiesNaftobazy,KUJAWSKO-POMORSKIE,Nowa Wies Wielka,52.970278,18.091389
KpPiech,KpPiech,KUJAWSKO-POMORSKIE,Piechcin,52.816389,18.032778
KpPrzysRCRRiOW,KpPrzysRCRRiOW,KUJAWSKO-POMORSKIE,Przysiek,53.029444,18.504444
KpSadlog,KpSadlog,KUJAWSKO-POMORSKIE,Sadłogoszcz,52.844722,18.005
KpSepolno,KpSepolno,KUJAWSKO-POMORSKIE,Sępólno Krajeńskie,53.4475,17.527778
KpSwiecGruczno,KpSwiecGruczno,KUJAWSKO-POMORSKIE,Górne Gruczno,53.364722,18.316667
KpSwiecGruczno2,KpSwiecGruczno2,KUJAWSKO-POMORSKIE,Górne Gruczno,53.355556,18.318333
KpSwiecKolejowa,KpSwiecKolejowa,KUJAWSKO-POMORSKIE,Świecie,53.398056,18.416389
KpSwiecPrzechowo,KpSwiecPrzechowo,KUJAWSKO-POMORSKIE,Świecie Przechowo,53.398056,18.416389
KpSwiecSadowa,KpSwiecSadowa,KUJAWSKO-POMORSKIE,Świecie,53.407222,18.453889
KpToruDziewu,KpTorunDziewulsk,KUJAWSKO-POMORSKIE,Toruń,53.028647,18.666103
KpToruKaszow,KpTorunKaszownik,KUJAWSKO-POMORSKIE,Toruń,53.017628,18.612808
KpTorunGagarina,KpTorunGagarina,KUJAWSKO-POMORSKIE,Toruń,53.018333,18.565
KpTorunKonstytucji,KpTorunKonstytucji,KUJAWSKO-POMORSKIE,Toruń,53.023889,18.681667
KpTorunKopernika,KpTorunKopernika,KUJAWSKO-POMORSKIE,Toruń,53.009167,18.604167
KpTorunLotnisko,KpTorunLotnisko,KUJAWSKO-POMORSKIE,Toruń,53.028333,18.561678
KpTorunOPSIS,KpTorunOPSIS,KUJAWSKO-POMORSKIE,Toruń,53.013611,18.604722
KpTorunPoznanska,KpTorunPoznanska,KUJAWSKO-POMORSKIE,Toruń,52.993611,18.595278
KpTorunSzpMiejski,KpTorunSzpMiejski,KUJAWSKO-POMORSKIE,Toruń,53.0225,18.620833
KpToruWSikor,KpAirpTorun,KUJAWSKO-POMORSKIE,Toruń,53.012261,18.606203
KpTuchPiast,KpTuchPiast,KUJAWSKO-POMORSKIE,Tuchola,53.585961,17.86935
KpTuchPiastowska,KpTuchPiastowska,KUJAWSKO-POMORSKIE,Tuchola,53.585833,17.871667
KpWabrzMuzeum,KpWabrzMuzeum,KUJAWSKO-POMORSKIE,Wąbrzeźno,53.279722,18.954167
KpWabrzstmob,KpWabrzstmob,KUJAWSKO-POMORSKIE,Wąbrzeźno,53.278333,18.966667
KpWienSanatorium,KpWienSanatorium,KUJAWSKO-POMORSKIE,Wieniec Zdrój,52.656944,18.988611
KpWiktorowoG,KpAirpWiktorowo,KUJAWSKO-POMORSKIE,Wiktorowo,52.822942,17.859031
KpWloclChelmMOB,KpAirpWlocWod,KUJAWSKO-POMORSKIE,Włocławek,52.672648,19.079261
KpWloclGnia2,KpWloclGnia2,KUJAWSKO-POMORSKIE,Włocławek,52.651561,19.051886
KpWloclGniaz,KpWloclGniaz,KUJAWSKO-POMORSKIE,Włocławek,52.651561,19.051886
KpWloclKilinskiego,KpWloclKilinskiego,KUJAWSKO-POMORSKIE,Włocławek,52.656389,19.062778
KpWloclLady,KpWloclLady,KUJAWSKO-POMORSKIE,Włocławek,52.641944,19.0475
KpWloclMalinowa,KpWloclMalinowa,KUJAWSKO-POMORSKIE,Włocławek,52.678611,19.051667
KpWloclOkrze,KpWloclOkrzei,KUJAWSKO-POMORSKIE,Włocławek,52.658467,19.059314
KpWloclOpsis,KpWloclOpsis,KUJAWSKO-POMORSKIE,Włocławek,52.663056,19.07
KpWloclPlocka,KpWloclPlocka,KUJAWSKO-POMORSKIE,Włocławek,52.654444,19.101667
KpWloclSiels,KpWloclSielska,KUJAWSKO-POMORSKIE,Włocławek,52.664721,19.036386
KpWloclWSHE,KpWloclWSHE,KUJAWSKO-POMORSKIE,Włocławek,52.663056,19.056389
KpWlocZytnia,KpWlocZytnia,KUJAWSKO-POMORSKIE,Włocławek,52.646389,19.091111
KpWolice,KpWolice,KUJAWSKO-POMORSKIE,Wolice,52.854167,17.900278
KpZielBoryTu,KpZielBoryTuch,KUJAWSKO-POMORSKIE,Zielonka,53.662117,17.934017
KpZninBrowarowa,KpZninBrowarowa,KUJAWSKO-POMORSKIE,Żnin,52.851667,17.715556
KpZninPotock,KpZninPotockiego,KUJAWSKO-POMORSKIE,Żnin,52.848453,17.734086
LbBialaPKopernika,LbBialaPKopernika,LUBELSKIE,Biała Podlaska,52.034189,23.102736
LbBialaPPl.TrzechKrzyzy,LbBialaPPl.TrzechKrzyzy,LUBELSKIE,Biała Podlaska,52.023856,23.116042
LbBialySlupRPN,LbBialySlupRPN,LUBELSKIE,Biały Słup,50.591742000000004,22.997811
LbBiaPodOrze,LbBialaPOrzechowa,LUBELSKIE,Biała Podlaska,52.029194,23.149389
LbBiaSlupRPN,LbBialySlupRPN_Auto,LUBELSKIE,Biały Słup,50.590806,22.997889
LbBilgorajWSSE,LbBilgorajWSSE,LUBELSKIE,Biłgoraj,50.533889,22.716667
LbChelJagiel,LbChelmJagWIOS,LUBELSKIE,Chełm,51.13095,23.514603
LbChelmPolWSSE,LbChelmPolWSSE,LUBELSKIE,Chełm,51.122778,23.473333
LbChelmSzpWSSE,LbChelmSzpWSSE,LUBELSKIE,Chełm,51.150278,23.4575
LbDorohWIOS,LbDorohWIOS,LUBELSKIE,Dorohusk,51.175556,23.801667
LbHrubieszowWIOS,LbHrubieszowWIOS,LUBELSKIE,Hrubieszów,50.804722,23.913056
LbHrubieszowWSSE,LbHrubieszowWSSE,LUBELSKIE,Hrubieszów,50.802778000000004,23.896111
LbJarczWolaM,LbJarczew,LUBELSKIE,Jarczew,51.814367,21.972375
LbKra-awWSSE,LbKra-awWSSE,LUBELSKIE,Krasnystaw,50.981547,23.170486
LbKrasKoszar,LbKrasnikKoszarowa,LUBELSKIE,Kraśnik,50.928239,22.228308
LbKrasnikSpoldziel,LbKrasnikSpoldziel,LUBELSKIE,Kraśnik,50.927486,22.228567
LbKrasnobrodWSSELel,LbKrasnobrodWSSELel,LUBELSKIE,Krasnobród,50.54385,23.215858
LbLeczna1000Lecia,LbLeczna1000Lecia,LUBELSKIE,Łęczna,51.30445,22.883331
LbLublin_Chmielna,LbLublin_Chmielna,LUBELSKIE,Lublin,51.251289,22.5558
LbLublin_Krasn,LbLublin_Krasn,LUBELSKIE,Lublin,51.247225,22.523883
LbLublinMaszynowa,LbLublinMaszynowa,LUBELSKIE,Lublin,51.244431,22.595297
LbLublinNadrzecz,LbLublinNadrzecz,LUBELSKIE,Lublin,51.222225,22.581822
LbLublinObywat_13,LbLublinObywat_13,LUBELSKIE,Lublin,51.259269,22.568522
LbLublinOgrod,LbLublinOgrod,LUBELSKIE,Lublin,51.263964,22.514581
LbLublinPiel,LbLublinPiel,LUBELSKIE,Lublin,51.239444,22.5075
LbLublinSpokojna,LbLublinSpokojna,LUBELSKIE,Lublin,51.250731,22.554769
LbLubObywate,LbLublinWIOS,LUBELSKIE,Lublin,51.259431,22.569133
LbLubSliwins,LbLublin_Sliwins_5,LUBELSKIE,Lublin,51.273078,22.551675
LbLukowBrowarna,LbLukowBrowarna,LUBELSKIE,Łuków,51.928564,22.377758
LbLukowSpoldzielcza,LbLukowSpoldzielcza,LUBELSKIE,Łuków,51.929722,22.380569
LbMiedzPModrzewiowa,LbMiedzPModrzewiowa,LUBELSKIE,Międzyrzec Podlaski,51.996064,22.802539
LBMiedzPStaromiejska,LBMiedzPStaromiejska,LUBELSKIE,Międzyrzec Podlaski,51.985278,22.787097
LbNaleczowKasztan,LbNaleczowKasztan,LUBELSKIE,Nałęczów,51.287361,22.208233
LbPulaKarpin,LbPulawyKarp,LUBELSKIE,Puławy,51.419047,21.961089
LbPulaSkowie,LbPulawySkowieszynska,LUBELSKIE,Puławy,51.410614,21.976375
LbPulawyLubelska,LbPulawyLubelska,LUBELSKIE,Puławy,51.417258,21.972761
LbRadzPodSit,LbRadzyPSitkowskiego,LUBELSKIE,Radzyń Podlaski,51.78,22.625944
LbRadzyPPocztowa,LbRadzyPPocztowa,LUBELSKIE,Radzyń Podlaski,51.784558,22.619614
LbRejowiecFabrWIOS,LbRejowiecFabrWIOS,LUBELSKIE,Rejowiec Fabryczny,51.110278,23.246944
LbSwidnikWPolskiego,LbSwidnikWPolskiego,LUBELSKIE,Świdnik,51.221919,22.687217
LbSwidnikWyszyns,LbSwidnikWyszyns,LUBELSKIE,Świdnik,51.217625,22.698714
LbSzczebPartyzantow,LbSzczebPartyzantow,LUBELSKIE,Szczebrzeszyn,50.698056,22.971944
LbTomaszowLubWIOS,LbTomaszowLubWIOS,LUBELSKIE,Tomaszów Lubelski,50.4475,23.414444
LbTomaszowLubWSSE,LbTomaszowLubWSSE,LUBELSKIE,Tomaszów Lubelski,50.447778,23.416944
LbWilczopole,LbWilczopole,LUBELSKIE,Wilczopole,51.163542,22.598608
LbWlodawWSSE,LbWlodawWSSE,LUBELSKIE,Włodawa,51.552308,23.554408
LbZamoHrubie,LbZamoscHrubieszowsk,LUBELSKIE,Zamość,50.716628,23.290247
LbZamoscWSSE,LbZamoscWSSE,LUBELSKIE,Zamość,50.716111,23.260833
LdBelchatEdward,LdBelchatEdward,ŁÓDZKIE,Bełchatów,51.356611,19.365806
LdBelchaWSSEMOkrzei,LdBelchaWSSEMOkrzei,ŁÓDZKIE,Bełchatów,51.360278,19.367778
LdBrzeReform,LdBrzeziWIOSMReforma,ŁÓDZKIE,Brzeziny,51.797814,19.755769
LdGajewUjWod,LdGajewWIOSAGajew,ŁÓDZKIE,Gajew,52.14325,19.233225
LdKutnKosciu,LdKutnoWIOSMKoscius,ŁÓDZKIE,Kutno,52.234481,19.368186
LdKutnoWIOSMWilcza,LdKutnoWIOSMWilcza,ŁÓDZKIE,Kutno,52.228489,19.372206
LdKutnoWSSEMGrunwal,LdKutnoWSSEMGrunwal,ŁÓDZKIE,Kutno,52.229167,19.372222
LdLaskWSSEMWarszaw,LdLaskWSSEMWarszaw,ŁÓDZKIE,Łask,51.59,19.147222
LdLodzCzerni,LdLodzWIOSACzernik,ŁÓDZKIE,Łódź,51.75805,19.529786
LdLodzGdansk,LdLodzWIOSAGdanska,ŁÓDZKIE,Łódź,51.775411,19.4509
LdLodzJanPaw,LdLodzJanPaw,ŁÓDZKIE,Łódź,51.754613,19.434925
LdLodzKilins,LdLodzWIOSAKilinsk,ŁÓDZKIE,Łódź,51.763801,19.467132
LdLodzLegion,LdLodzWSSEMLegiono,ŁÓDZKIE,Łódź,51.776417,19.452936
LdLodzRudzka,LdLodzWSSEMRudzka,ŁÓDZKIE,Łódź,51.705581,19.434842
LdLodzWIOSARubinst,LdLodzWIOSARubinst,ŁÓDZKIE,Łódź,51.767292,19.455339
LdLodzWSSEMAstrona,LdLodzWSSEMAstrona,ŁÓDZKIE,Łódź,51.726111,19.461944
LdLodzWSSEMDeczyns,LdLodzWSSEMDeczyns,ŁÓDZKIE,Łódź,51.803889,19.471111
LdLodzWSSEMPrzybys,LdLodzWSSEMPrzybys,ŁÓDZKIE,Łódź,51.744167,19.467228
LdLodzWSSEMRokicin,LdLodzWSSEMRokicin,ŁÓDZKIE,Łódź,51.758056,19.560278
LdLodzWSSEMWici3,LdLodzWSSEMWici3,ŁÓDZKIE,Łódź,51.798611,19.384722
LdLodzWSSEMWilensk,LdLodzWSSEMWilensk,ŁÓDZKIE,Łódź,51.752778,19.428333
LdLodzWSSEMWodna40,LdLodzWSSEMWodna40,ŁÓDZKIE,Łódź,51.761667,19.476944
LdLodzWSSEMZachodn,LdLodzWSSEMZachodn,ŁÓDZKIE,Łódź,51.774722,19.455003
LdLodzZachod,LdLodzWIOSAZachodn,ŁÓDZKIE,Łódź,51.777603,19.452408
LdLowiczSien,LdLowSienkie,ŁÓDZKIE,Łowicz,52.105853,19.939553
LdLowiczWSSEMSwFlori,LdLowiczWSSEMSwFlori,ŁÓDZKIE,Łowicz,52.108056,19.936944
LdOpocCurieSk,LdOpocCurieSk,ŁÓDZKIE,Opoczno,51.379128,20.282169
LdOpocPlKosc,LdOpocznWIOSMPlKosci,ŁÓDZKIE,Opoczno,51.375842,20.289236
LdOpocznWSSEMPlKosci,LdOpocznWSSEMPlKosci,ŁÓDZKIE,Opoczno,51.375,20.275008
LdOzorkoWSSEMWigury1,LdOzorkoWSSEMWigury1,ŁÓDZKIE,Ozorków,51.967222,19.290283
LdPabianWSSEMNowa,LdPabianWSSEMNowa,ŁÓDZKIE,Pabianice,51.659167,19.320833
LdPabiKilins,LdPabianWIOSMKilinsk,ŁÓDZKIE,Pabianice,51.663181,19.355486
LdPabiKonsta,LdPabianWIOSAKonstan,ŁÓDZKIE,Pabianice,51.667981,19.368683
LdPajeczWSSEMZeromsk,LdPajeczWSSEMZeromsk,ŁÓDZKIE,Pajęczno,51.150556,18.987781
LdParzniUjWo,LdParzniWIOSAParznie,ŁÓDZKIE,Parzniewice,51.291175,19.517556
LdPiotrkMZGKMkarolin,LdPiotrkMZGKMkarolin,ŁÓDZKIE,Piotrków Trybunalski,51.425,19.682222
LdPioTrKraPr,LdPiotrkWIOSAKrakPrz,ŁÓDZKIE,Piotrków Trybunalski,51.404406,19.696956
LdPiotrkWIOSABelzack,LdPiotrkWIOSABelzack,ŁÓDZKIE,Piotrków Trybunalski,51.406944,19.673056
LdPiotrkWSSEM3goMaja,LdPiotrkWSSEM3goMaja,ŁÓDZKIE,Piotrków Trybunalski,51.405,19.693333
LdPioTrSienk,LdPiotrkWIOSMSienkie,ŁÓDZKIE,Piotrków Trybunalski,51.407844,19.688694
LdRadomsFAMEGMGlinia,LdRadomsFAMEGMGlinia,ŁÓDZKIE,Radomsko,51.068056,19.426667
LdRadomsMETALMPrzedb,LdRadomsMETALMPrzedb,ŁÓDZKIE,Radomsko,51.074722,19.461111
LdRadomsRoln,LdRadomsWIOSMRolna2,ŁÓDZKIE,Radomsko,51.067439,19.448694
LdRadomsSoko,LdRadomsWIOSASokola4,ŁÓDZKIE,Radomsko,51.063992,19.451164
LdRadomsWSSEMKomunyP,LdRadomsWSSEMKomunyP,ŁÓDZKIE,Radomsko,51.069444,19.441111
LdRadomsWSSEMZeromsk,LdRadomsWSSEMZeromsk,ŁÓDZKIE,Radomsko,51.066111,19.441944
LdRawaMaWIOSMKoscius,LdRawaMaWIOSMKoscius,ŁÓDZKIE,Rawa Mazowiecka,51.763358,20.249978
LdRawaNiepod,LdRawaMaWIOSMNiepodl,ŁÓDZKIE,Rawa Mazowiecka,51.760875,20.250569
LdSieradWIOSMKoscius,LdSieradWIOSMKoscius,ŁÓDZKIE,Sieradz,51.594444,18.736111
LdSieradWSSEMArmiiKr,LdSieradWSSEMArmiiKr,ŁÓDZKIE,Sieradz,51.583889,18.710556
LdSieradWSSEMPOW52,LdSieradWSSEMPOW52,ŁÓDZKIE,Sieradz,51.595833,18.720278
LdSieraPolna,LdSieraPolna,ŁÓDZKIE,Sieradz,51.592111,18.734898
LdSierGrunwa,LdSieradWSSEMGrunwal,ŁÓDZKIE,Sieradz,51.590125,18.717333
LdSkierKonop,LdSkiernWIOSMKonopni,ŁÓDZKIE,Skierniewice,51.954314,20.149378
LdSkiernWIOSMJagiell,LdSkiernWIOSMJagiell,ŁÓDZKIE,Skierniewice,51.959561,20.146183
LdSkiernWIOSMWitaStw,LdSkiernWIOSMWitaStw,ŁÓDZKIE,Skierniewice,51.960719,20.147408
LdSkiernWSSEMKoperni,LdSkiernWSSEMKoperni,ŁÓDZKIE,Skierniewice,51.952778,20.152222
LdSkiernWSSEMReymont,LdSkiernWSSEMReymont,ŁÓDZKIE,Skierniewice,51.96,20.147222
LdSkiernWSSEMWankowi,LdSkiernWSSEMWankowi,ŁÓDZKIE,Skierniewice,51.973611,20.148889
LdToMaSwAnto,LdTomaszWIOSMSwAnton,ŁÓDZKIE,Tomaszów Mazowiecki,51.526258,20.016786
LdTomaszWSSEMSw.Anto,LdTomaszWSSEMSw.Anto,ŁÓDZKIE,Tomaszów Mazowiecki,51.528889,20.010833
LdUniejTermy,LdUniejTermy,ŁÓDZKIE,Uniejów,51.971664,18.79035
LdWielunWSSEMPOW14,LdWielunWSSEMPOW14,ŁÓDZKIE,Wieluń,51.218611,18.581389
LdWieluPOW12,LdWielunWIOSMPOW,ŁÓDZKIE,Wieluń,51.217828,18.581828
LdZduWoKrole,LdZdWolaWIOSMKrolews,ŁÓDZKIE,Zduńska Wola,51.601439,18.940122
LdZdWolaWSSEMDabrows,LdZdWolaWSSEMDabrows,ŁÓDZKIE,Zduńska Wola,51.601111,18.936944
LdZdWolaWSSEMPlWolno,LdZdWolaWSSEMPlWolno,ŁÓDZKIE,Zduńska Wola,51.603056,18.934444
LdZdWolaWSSEMSzadkow,LdZdWolaWSSEMSzadkow,ŁÓDZKIE,Zduńska Wola,51.606667,18.939722
LdZgieMielcz,LdZgierzWIOSAMielcza,ŁÓDZKIE,Zgierz,51.856692,19.421231
LdZgierzWSSEMDabrows,LdZgierzWSSEMDabrows,ŁÓDZKIE,Zgierz,51.856944,19.411944
LdZgierzWSSEMStRynek,LdZgierzWSSEMStRynek,ŁÓDZKIE,Zgierz,51.856389,19.404444
LdZloczeWSSEMWieluns,LdZloczeWSSEMWieluns,ŁÓDZKIE,Złoczew,51.406944,18.610833
LuDrezdeWSSE,LuDrezdeWSSE,LUBUSKIE,Drezdenko,52.839167,15.835578
LuGorzKosGdy,LuGorzowWIOS_AUT,LUBUSKIE,Gorzów Wielkopolski,52.738214,15.228667
LuGorzowWSSE_1,LuGorzowWSSE_1,LUBUSKIE,Gorzów Wielkopolski,52.737222,15.232222
LuGorzowWSSE_5,LuGorzowWSSE_5,LUBUSKIE,Gorzów Wielkopolski,52.739722,15.23
LuGorzowWSSE_6,LuGorzowWSSE_6,LUBUSKIE,Gorzów Wielkopolski,52.754722,15.241944
LuGorzPilsud,LuGorzowWIOS_MAN,LUBUSKIE,Gorzów Wielkopolski,52.747044,15.246294
LuMiedzyWSSE,LuMiedzyWSSE,LUBUSKIE,Międzyrzecz,52.442778,15.581389
LuNowasoWSSE,LuNowasoWSSE,LUBUSKIE,Nowa Sól,51.8025,15.715014
LuSlubWIOS_AUT,LuSlubWIOS_AUT,LUBUSKIE,Słubice,52.355833,14.564167
LuSlubWSSE,LuSlubWSSE,LUBUSKIE,Słubice,52.350278,14.557222
LuSmolBytnic,LuSmobytWIOS_AUT,LUBUSKIE,Smolary Bytnickie,52.172222,15.206667
LuSulecDudka,LuSulecWIOS_MOB,LUBUSKIE,Sulęcin,52.437722,15.122444
LuSuleciWSSE,LuSuleciWSSE,LUBUSKIE,Sulęcin,52.449722,15.116944
LuSwieboWIOS_MOB,LuSwieboWIOS_MOB,LUBUSKIE,Świebodzin,52.247778,15.534722
LuSwieboWSSE,LuSwieboWSSE,LUBUSKIE,Świebodzin,52.251111,15.531667
LuWsKaziWiel,LuWschowWIOS_AUT,LUBUSKIE,Wschowa,51.799722,16.3175
LuZaganWSSE,LuZaganWSSE,LUBUSKIE,Żagań,51.6125,15.328889
LuZarySzyman,LuZaryWIOS_AUT,LUBUSKIE,Żary,51.642656,15.127808
LuZaryWIOS_MAN,LuZaryWIOS_MAN,LUBUSKIE,Żary,51.6399,15.136131
LuZaryWIOS_MOB,LuZaryWIOS_MOB,LUBUSKIE,Żary,51.6415,15.1275
LuZaryWSSE,LuZaryWSSE,LUBUSKIE,Żary,51.64,15.135556
LuZaryWSSE_2,LuZaryWSSE_2,LUBUSKIE,Żary,51.634444,15.141111
LuZgoraWSSE_1,LuZgoraWSSE_1,LUBUSKIE,Zielona Góra,51.93,15.503056
LuZielKrotka,LuZgoraWIOS_AUT,LUBUSKIE,Zielona Góra,51.939783,15.518861
MpAndrycWSSEKrak1801,MpAndrycWSSEKrak1801,MAŁOPOLSKIE,Andrychów,49.853333,19.340556
MpBochKonfed,MpBochniWIOSKBar0106,MAŁOPOLSKIE,Bochnia,49.969017,20.439511
MpBochniWSSEKazi0104,MpBochniWSSEKazi0104,MAŁOPOLSKIE,Bochnia,49.959167,20.420556
MpBochniWSSEKons0105,MpBochniWSSEKons0105,MAŁOPOLSKIE,Bochnia,49.972778,20.428056
MpBochniWSSESoln0102,MpBochniWSSESoln0102,MAŁOPOLSKIE,Bochnia,49.97,20.432222
MpBrzeskWIOSWiej0202,MpBrzeskWIOSWiej0202,MAŁOPOLSKIE,Brzesko,49.975953,20.603222
MpBrzeskWSSEGlow0201,MpBrzeskWSSEGlow0201,MAŁOPOLSKIE,Brzesko,49.9675,20.607783
MpBrzeszKosc,MpBrzeszKosc,MAŁOPOLSKIE,Brzeszcze,49.966667,19.146061
MpBukowKolejMOB,MpBukownWIOSKole1206,MAŁOPOLSKIE,Bukowno,50.266239,19.462286
MpChrzanWSSEGrzy0301,MpChrzanWSSEGrzy0301,MAŁOPOLSKIE,Chrzanów,50.136944,19.397222
MpChrzaPlTysMOB,MpChrzaPlTysMOB,MAŁOPOLSKIE,Chrzanów,50.144028,19.406556
MpDabrowWIOSZare0401,MpDabrowWIOSZare0401,MAŁOPOLSKIE,Dąbrowa Tarnowska,50.177519,20.984028
MpDobczSzkolMOB,MpDobczSzkolMOB,MAŁOPOLSKIE,Dobczyce,49.881108,20.100819
MpDobrowWSSEPils0401,MpDobrowWSSEPils0401,MAŁOPOLSKIE,Dąbrowa Tarnowska,50.170833,20.983611
MpGorlicWSSELegi0501,MpGorlicWSSELegi0501,MAŁOPOLSKIE,Gorlice,49.655,21.156111
MpGorlKrasin,MpGorlicWIOSKras0511,MAŁOPOLSKIE,Gorlice,49.658889,21.163336
MpKalZebRyneMOB,MpKalZebRyneMOB,MAŁOPOLSKIE,Kalwaria Zebrzydowska,49.867344,19.676722
MpKaszowLisz,MpKaszowLisz,MAŁOPOLSKIE,Kaszów,50.025028,19.726833
MpKetyWyspiaMOB,MpKetyWIOSWysp1304,MAŁOPOLSKIE,Kęty,49.876936,19.2156
MpKrakAlKras,MpKrakowWIOSAKra6117,MAŁOPOLSKIE,Kraków,50.057678,19.926189
MpKrakBujaka,MpKrakowWIOSBuja6119,MAŁOPOLSKIE,Kraków,50.010575,19.949189
MpKrakBulwar,MpKrakowWIOSBulw6118,MAŁOPOLSKIE,Kraków,50.069308,20.053492
MpKrakDietla,MpKrakDietla,MAŁOPOLSKIE,Kraków,50.057447,19.946008
MpKrakOsPias,MpKrakOsPias,MAŁOPOLSKIE,Kraków,50.099361,20.018317
MpKrakowWIOSPrad6115,MpKrakowWIOSPrad6115,MAŁOPOLSKIE,Kraków,50.0875,19.926111
MpKrakowWSSEKapi6108,MpKrakowWSSEKapi6108,MAŁOPOLSKIE,Kraków,49.991667,19.935
MpKrakowWSSEPrad6102,MpKrakowWSSEPrad6102,MAŁOPOLSKIE,Kraków,50.0875,19.938056
MpKrakowWSSERPod6113,MpKrakowWSSERPod6113,MAŁOPOLSKIE,Kraków,50.04,19.943333
MpKrakTelime,MpKrakTelime,MAŁOPOLSKIE,Kraków,50.019036,20.016822
MpKrakWadow,MpKrakWadow,MAŁOPOLSKIE,Kraków,50.100569,20.122561
MpKrakZloRog,MpKrakZloRog,MAŁOPOLSKIE,Kraków,50.081197,19.895358
MpKrynicWIOSNowo1008,MpKrynicWIOSNowo1008,MAŁOPOLSKIE,Krynica-Zdrój,49.417778,20.9575
MpKrynicWIOSPark1009,MpKrynicWIOSPark1009,MAŁOPOLSKIE,Krynica-Zdrój,49.427533,20.9512
MpLimanoBoleMOB,MpLimanoWIOSMBBo0706,MAŁOPOLSKIE,Limanowa,49.698525,20.424119
MpMaPodhWIOSKosc1508,MpMaPodhWIOSKosc1508,MAŁOPOLSKIE,Maków Podhalański,49.730278,19.681389
MpMiechoWIOSKono0802,MpMiechoWIOSKono0802,MAŁOPOLSKIE,Miechów,50.360036,20.038672
MpMiechoWIOSKsSk0801,MpMiechoWIOSKsSk0801,MAŁOPOLSKIE,Miechów,50.354722,20.024722
MpMuszynKity,MpMuszynKity,MAŁOPOLSKIE,Muszyna,49.354447,20.894361
MpMuszynKityMOB,MpMuszynKityMOB,MAŁOPOLSKIE,Muszyna,49.354464,20.894375
MpMuszynWSSERyne1001,MpMuszynWSSERyne1001,MAŁOPOLSKIE,Muszyna,49.353611,20.891944
MpMyslenWIOSKosc0902,MpMyslenWIOSKosc0902,MAŁOPOLSKIE,Myślenice,49.826667,19.936389
MpMyslenWIOSRyne0905,MpMyslenWIOSRyne0905,MAŁOPOLSKIE,Myślenice,49.835,19.938056
MpMyslenWIOSRyne0906,MpMyslenWIOSRyne0906,MAŁOPOLSKIE,Myślenice,49.835,19.938056
MpMysleRynekMOB,MpMyslenWIOSRyne0907,MAŁOPOLSKIE,Myślenice,49.834922,19.938114
MpNiepo3Maja,MpWielicWIOSNiep1904,MAŁOPOLSKIE,Niepołomice,50.035117,20.212689
MpNoSaczNadb,MpNSaczWIOSNadb6205,MAŁOPOLSKIE,Nowy Sącz,49.619281,20.714403
MpNoSaczWSSENawo17a,MpNoSaczWSSENawo17a,MAŁOPOLSKIE,Nowy Sącz,49.613889,20.704444
MpNoTargPSlo,MpNoTargPSlo,MAŁOPOLSKIE,Nowy Targ,49.483597,20.028992
MpNoTargWSSESzaf1102,MpNoTargWSSESzaf1102,MAŁOPOLSKIE,Nowy Targ,49.474444,20.025833
MpNowyTaWIOSPows1114,MpNowyTaWIOSPows1114,MAŁOPOLSKIE,Nowy Targ,49.476097,20.026881
MpNSaczWIOSPija6204,MpNSaczWIOSPija6204,MAŁOPOLSKIE,Nowy Sącz,49.627222,20.688333
MpNSaczWSSETarn6202,MpNSaczWSSETarn6202,MAŁOPOLSKIE,Nowy Sącz,49.635278,20.693056
MpOlkuFrNull,MpOlkuszWIOSNull1205,MAŁOPOLSKIE,Olkusz,50.277569,19.569869
MpOswiecWIOSSnia1302,MpOswiecWIOSSnia1302,MAŁOPOLSKIE,Oświęcim,50.035447,19.239331
MpOswiecWIOSSnia1304,MpOswiecWIOSSnia1304,MAŁOPOLSKIE,Oświęcim,50.034167,19.245278
MpOswiecWSSEWiez1301,MpOswiecWSSEWiez1301,MAŁOPOLSKIE,Oświęcim,50.034167,19.200556
MpPiwnicWSSERyne1004,MpPiwnicWSSERyne1004,MAŁOPOLSKIE,Piwniczna,49.4375,20.708611
MpPiwnZdrojoMOB,MpPiwnZdrojoMOB,MAŁOPOLSKIE,Piwniczna,49.444056,20.719889
MpProszoWIOS3Maj1402,MpProszoWIOS3Maj1402,MAŁOPOLSKIE,Proszowice,50.188056,20.29
MpProszWIOSKrol1404,MpProszWIOSKrol1404,MAŁOPOLSKIE,Proszowice,50.192181,20.299711
MpRabkaOrkan,MpRabkaOrkan,MAŁOPOLSKIE,Rabka-Zdrój,49.608647,19.966008
MpRabkaWIOSChop1113,MpRabkaWIOSChop1113,MAŁOPOLSKIE,Rabka-Zdrój,49.608753,19.965894
MpRabkaWIOSRudn1112,MpRabkaWIOSRudn1112,MAŁOPOLSKIE,Rabka-Zdrój,49.603611,19.9675
MpSkawOsOgro,MpSkawinWIOSOsie0606,MAŁOPOLSKIE,Skawina,49.971047,19.830422
MpSlomWolnosMOB,MpSlomniWIOSWoln0611,MAŁOPOLSKIE,Słomniki,50.243442,20.082194
MpSuchaBWIOSHand1512,MpSuchaBWIOSHand1512,MAŁOPOLSKIE,Sucha Beskidzka,49.740644,19.588325
MpSuchaNiesz,MpSuchaNiesz,MAŁOPOLSKIE,Sucha Beskidzka,49.743131,19.600339
MpSuchaWIOSMick1502,MpSuchaWIOSMick1502,MAŁOPOLSKIE,Sucha Beskidzka,49.738333,19.592778
MpSuchSemika,MpSuchaBWIOSSemi1513,MAŁOPOLSKIE,Sucha Beskidzka,49.740711,19.592275
MpSzarowSpok,MpSzarowWIOS1909,MAŁOPOLSKIE,Szarów,50.0075,20.259167
MpSzarowWIOS1908,MpSzarowWIOS1908,MAŁOPOLSKIE,Szarów,50.007014,20.258475
MpSzczawJanaMOB,MpSzczawWIOSSzal1116,MAŁOPOLSKIE,Szczawnica,49.425886,20.484947
MpSzymbaGorl,MpSzymbaWIOS0507,MAŁOPOLSKIE,Szymbark,49.633714,21.116833
MpTarBitStud,MpTarnowWIOSBitw6304,MAŁOPOLSKIE,Tarnów,50.020169,21.004167
MpTarnowWIOSSoli6303,MpTarnowWIOSSoli6303,MAŁOPOLSKIE,Tarnów,50.016111,20.983611
MpTarnowWSSEMosc6301,MpTarnowWSSEMosc6301,MAŁOPOLSKIE,Tarnów,50.006667,20.975278
MpTarnowWSSEWest6302,MpTarnowWSSEWest6302,MAŁOPOLSKIE,Tarnów,50.023333,21.005
MpTarRoSitko,MpTarRoSitko,MAŁOPOLSKIE,Tarnów,50.017875,20.993
MpTrzebiWIOSPils0303,MpTrzebiWIOSPils0303,MAŁOPOLSKIE,Trzebinia,50.160833,19.472778
MpTrzebOsZWM,MpTrzebiWIOSZWM0305,MAŁOPOLSKIE,Trzebinia,50.159406,19.477464
MpTuchChopin,MpTuchowWIOSSzop1602,MAŁOPOLSKIE,Tuchów,49.893972,21.050814
MpWadowiWIOSPSka1805,MpWadowiWIOSPSka1805,MAŁOPOLSKIE,Wadowice,49.872761,19.497942
MpWadowiWIOSPska1807,MpWadowiWIOSPska1807,MAŁOPOLSKIE,Wadowice,49.871944,19.498333
MpWadowiWIOSTeat1802,MpWadowiWIOSTeat1802,MAŁOPOLSKIE,Wadowice,49.884722,19.489722
MpWielDembowMOB,MpWielDembowMOB,MAŁOPOLSKIE,Wieliczka,49.98825,20.059
MpWielicWIOSOSP1902,MpWielicWIOSOSP1902,MAŁOPOLSKIE,Wieliczka,49.975833,20.057778
MpWysowaWSSE0502,MpWysowaWSSE0502,MAŁOPOLSKIE,Uście Gorlickie Wysowa,49.424722,21.176389
MpZakopaSien,MpZakopaWIOSRown1701,MAŁOPOLSKIE,Zakopane,49.293564,19.960083
MzBelsIGFPAN,MzBelskIGFPAN,MAZOWIECKIE,Belsk Duży,51.83512,20.791556
MzCiechSienkWSSE,MzCiechSienkWSSE,MAZOWIECKIE,Ciechanów,52.88265,20.594756
MzCiechStrazacka,MzCiechStrazacka,MAZOWIECKIE,Ciechanów,52.878436,20.613288
MzGostMajaWSSE,MzGostMajaWSSE,MAZOWIECKIE,Gostynin,52.425533,19.460439
MzGranicaKPN,MzGranicaKPN,MAZOWIECKIE,Granica,52.285858,20.454653
MzGrodziskWSSE,MzGrodziskWSSE,MAZOWIECKIE,Grodzisk Mazowiecki,52.109081,20.625174
MzGutyDuCzer,MzGutyDuCzer,MAZOWIECKIE,Guty Duże,52.943172,21.288167
MzKonJezMos,MzKonJezMos,MAZOWIECKIE,Konstancin-Jeziorna,52.080625,21.111186
MzKonJezZrodWSSE,MzKonJezZrodWSSE,MAZOWIECKIE,Konstancin-Jeziorna,52.084541,21.113746
MzKozienSwierWSSE,MzKozienSwierWSSE,MAZOWIECKIE,Kozienice,51.58563,21.545647
MzLegionBronWSSE,MzLegionBronWSSE,MAZOWIECKIE,Legionowo,52.399686,20.927147
MzLegZegrzyn,MzLegionZegIMGW,MAZOWIECKIE,Legionowo,52.407578,20.955928
MzMakMMickWSSE,MzMakMMickWSSE,MAZOWIECKIE,Maków Mazowiecki,52.864687000000004,21.094026
MzMinskKilinWSSE,MzMinskKilinWSSE,MAZOWIECKIE,Mińsk Mazowiecki,52.179811,21.56651
MzMinskKoscWSSE,MzMinskKoscWSSE,MAZOWIECKIE,Mińsk Mazowiecki,52.18047,21.558658
MzMlawaMajaWSSE,MzMlawaMajaWSSE,MAZOWIECKIE,Mława,53.112359,20.381051
MzMlawOrdona,MzMlawaOrdona,MAZOWIECKIE,Mława,53.111908,20.371725
MzNowDwChemWSSE,MzNowDwChemWSSE,MAZOWIECKIE,Nowy Dwór Mazowiecki,52.429424,20.724131
MzOstMazSikorWSSE,MzOstMazSikorWSSE,MAZOWIECKIE,Ostrów Mazowiecka,52.803259,21.890476
MzOstroHalle,MzOstrolHallera,MAZOWIECKIE,Ostrołęka,53.083736,21.579322
MzOstrolKoscWSSE,MzOstrolKoscWSSE,MAZOWIECKIE,Ostrołęka,53.085319,21.568983
MzOstrolTargowa,MzOstrolTargowa,MAZOWIECKIE,Ostrołęka,53.084023,21.589205
MzOtwoBrzozo,MzOtwockBrzoz,MAZOWIECKIE,Otwock,52.115725,21.237297
MzOtwockBrzozWSSE,MzOtwockBrzozWSSE,MAZOWIECKIE,Otwock,52.115444,21.237658
MzPiaseczDworWSSE,MzPiaseczDworWSSE,MAZOWIECKIE,Piaseczno,52.051445,21.005582
MzPiasPulask,MzPiastowPulask,MAZOWIECKIE,Piastów,52.191728,20.837489
MzPiastWarszWSSE,MzPiastWarszWSSE,MAZOWIECKIE,Piastów,52.186581,20.843524
MzPionkiSienWSSE,MzPionkiSienWSSE,MAZOWIECKIE,Pionki,51.478028,21.451383
MzPlockJasnaWSSE,MzPlockJasnaWSSE,MAZOWIECKIE,Płock,52.554005,19.667701
MzPlockKolegWSSE,MzPlockKolegWSSE,MAZOWIECKIE,Płock,52.542222,19.695556
MzPlockKolodWSSE,MzPlockKolodWSSE,MAZOWIECKIE,Płock,52.550865,19.69058
MzPlockLaczWSSE,MzPlockLaczWSSE,MAZOWIECKIE,Płock,52.539936,19.751334
MzPlockOpsis,MzPlockOpsis,MAZOWIECKIE,Płock,52.549779,19.691923
MzPlockPiaskaWSSE,MzPlockPiaskaWSSE,MAZOWIECKIE,Płock,52.544338,19.724452
MzPlockPKN1,MzPlockPKN1,MAZOWIECKIE,Trzepowo,52.5888,19.724289
MzPlockPKN2,MzPlockPKN2,MAZOWIECKIE,Maszewo Duże,52.584167,19.6114
MzPlockPKN3,MzPlockPKN3,MAZOWIECKIE,Chełpowo,52.5675,19.6875
MzPlocKroJad,MzPlockPKN,MAZOWIECKIE,Płock,52.556279,19.687672
MzPlocMiReja,MzPlockReja,MAZOWIECKIE,Płock,52.550938,19.709791
MzPlonskSienWSSE,MzPlonskSienWSSE,MAZOWIECKIE,Płońsk,52.629778,20.37556
MzPruszKraszeWSSE,MzPruszKraszeWSSE,MAZOWIECKIE,Pruszków,52.162262,20.812831
MzPruszMajWSSE,MzPruszMajWSSE,MAZOWIECKIE,Pruszków,52.17154,20.810253
MzPultusKoscWSSE,MzPultusKoscWSSE,MAZOWIECKIE,Pułtusk,52.709643,21.083912
MzPultusMajaWSSE,MzPultusMajaWSSE,MAZOWIECKIE,Pułtusk,52.707685,21.084498
MzRad25Czerw,MzRadomCz,MAZOWIECKIE,Radom,51.40608,21.166819
MzRadHallera,MzRadomHallera,MAZOWIECKIE,Radom,51.415324,21.171285
MzRadomAlekWSSE,MzRadomAlekWSSE,MAZOWIECKIE,Radom,51.437739,21.161865
MzRadomCzWSSE,MzRadomCzWSSE,MAZOWIECKIE,Radom,51.400128,21.162633
MzRadomLubonWSSE,MzRadomLubonWSSE,MAZOWIECKIE,Radom,51.390409,21.170235
MzRadomPulask,MzRadomPulask,MAZOWIECKIE,Radom,51.42521,21.158278
MzRadTochter,MzRadomTochter,MAZOWIECKIE,Radom,51.399084,21.147474
MzSiedChrobWSSE,MzSiedChrobWSSE,MAZOWIECKIE,Siedlce,52.18308,22.27501
MzSiedKonars,MzSiedlceKonar,MAZOWIECKIE,Siedlce,52.172145,22.282001
MzSiedPodlasWSSE,MzSiedPodlasWSSE,MAZOWIECKIE,Siedlce,52.160795,22.255203
MzSiedPoniatWSSE,MzSiedPoniatWSSE,MAZOWIECKIE,Siedlce,52.176298,22.288741
MzSiedSienkWSSE,MzSiedSienkWSSE,MAZOWIECKIE,Siedlce,52.165962,22.278046
MzSiedStarowWSSE,MzSiedStarowWSSE,MAZOWIECKIE,Siedlce,52.166475,22.292956
MzSiedWoszczWSSE,MzSiedWoszczWSSE,MAZOWIECKIE,Siedlce,52.164444,22.279722
MzSierpcPiastWSSE,MzSierpcPiastWSSE,MAZOWIECKIE,Sierpc,52.853175,19.666716
MzSochPlocWSSE,MzSochPlocWSSE,MAZOWIECKIE,Sochaczew,52.231793,20.219171
MzSochSierpWSSE,MzSochSierpWSSE,MAZOWIECKIE,Sochaczew,52.221772,20.234649
MzSokPodSierpWSSE,MzSokPodSierpWSSE,MAZOWIECKIE,Sokołów Podlaski,52.405721,22.234814
MzTluszczJKiel,MzTluszczJKiel,MAZOWIECKIE,Tłuszcz,52.425833,21.429167
MzWarAKrzywo,MzWarszAKrzywon,MAZOWIECKIE,Warszawa,52.228649,20.917513
MzWarAKrzywWSSE,MzWarAKrzywWSSE,MAZOWIECKIE,Warszawa,52.228649,20.917513
MzWarAlNiepo,MzWarNiepodKom,MAZOWIECKIE,Warszawa,52.219298,21.004724
MzWarKondrat,MzWarTarKondra,MAZOWIECKIE,Warszawa,52.290864,21.042458
MzWarMarszal,MzWarszMarsz,MAZOWIECKIE,Warszawa,52.225157,21.014803
MzWarPodlesn,MzWarPodIMGW,MAZOWIECKIE,Warszawa,52.280939,20.962156
MzWarPorajow,MzWarszPorajow,MAZOWIECKIE,Warszawa,52.314516,20.958614
MzWarPuszSol,MzWarszPuszSolska,MAZOWIECKIE,Warszawa,52.226408,20.908633
MzWarszAlJerozol,MzWarszAlJerozol,MAZOWIECKIE,Warszawa,52.231631,21.0189
MzWarszArmLudWSSE,MzWarszArmLudWSSE,MAZOWIECKIE,Warszawa,52.217723,21.011722
MzWarszBednarWSSE,MzWarszBednarWSSE,MAZOWIECKIE,Warszawa,52.245977,21.020429
MzWarszBernWoda,MzWarszBernWoda,MAZOWIECKIE,Warszawa,52.191733,21.051053
MzWarszBialobWSSE,MzWarszBialobWSSE,MAZOWIECKIE,Warszawa,52.213226,20.973755
MzWarszBorKomWSSE,MzWarszBorKomWSSE,MAZOWIECKIE,Warszawa,52.225194,21.087355
MzWarszHertzaWSSE,MzWarszHertzaWSSE,MAZOWIECKIE,Warszawa,52.224538,21.152749
MzWarszKochanWSSE,MzWarszKochanWSSE,MAZOWIECKIE,Warszawa,52.267161,20.94953
MzWarszKrucza,MzWarszKrucza,MAZOWIECKIE,Warszawa,52.224583,21.019039
MzWarszLazurowa,MzWarszLazurowa,MAZOWIECKIE,Warszawa,52.220278,20.8975
MzWarszOskLanWSSE,MzWarszOskLanWSSE,MAZOWIECKIE,Warszawa,52.18154,21.008873
MzWarszSGGW,MzWarszSGGW,MAZOWIECKIE,Warszawa,52.160556,21.047778
MzWarszSuwalWSSE,MzWarszSuwalWSSE,MAZOWIECKIE,Warszawa,52.295469,21.029065
MzWarszZelazWSSE,MzWarszZelazWSSE,MAZOWIECKIE,Warszawa,52.237499,20.98793
MzWarTolstoj,MzWarszBielany,MAZOWIECKIE,Warszawa,52.285073,20.933018
MzWarWokalna,MzWarszUrsynow,MAZOWIECKIE,Warszawa,52.160772,21.033819
MzWarZeganWSSE,MzWarZeganWSSE,MAZOWIECKIE,Warszawa,52.205769,21.169522
MzWolOgrodowa,MzWolOgrodowa,MAZOWIECKIE,Wołomin,52.344675,21.239511
MzWolomLegionWSSE,MzWolomLegionWSSE,MAZOWIECKIE,Wołomin,52.338759,21.241824
MzWyszDaszynWSSE,MzWyszDaszynWSSE,MAZOWIECKIE,Wyszków,52.593993,21.458079
MzZwolenWSSE,MzZwolenWSSE,MAZOWIECKIE,Zwoleń,51.35581,21.578566
MzZyrardMoniuszWSSE,MzZyrardMoniuszWSSE,MAZOWIECKIE,Żyrardów,52.057147,20.450546
MzZyraRoosev,MzZyrardRoosevel,MAZOWIECKIE,Żyrardów,52.053811,20.429892
OpBrzeg101,OpBrzeg101,OPOLSKIE,Brzeg,50.8575,17.463611
OpGlubKochan,OpGlub1pyl,OPOLSKIE,Głubczyce,50.200942,17.816453
OpGlubRatusz,OpGlubRatusz,OPOLSKIE,Głubczyce,50.200778,17.83051
OpGora12728,OpGora12728,OPOLSKIE,Góra Św. Anny,50.451667,18.163333
OpJanusz12394,OpJanusz12394,OPOLSKIE,Januszkowice,50.395833,18.138333
OpKKozBSmial,OpKkozle1a,OPOLSKIE,Kędzierzyn-Koźle,50.349608,18.236575
OpKkozle243,OpKkozle243,OPOLSKIE,Kędzierzyn-Koźle,50.338333,18.134167
OpKkozle61,OpKkozle61,OPOLSKIE,Kędzierzyn-Koźle,50.334444,18.147222
OpKkozleSP10,OpKkozleSP10,OPOLSKIE,Kędzierzyn-Koźle,50.369444,18.327778
OpKkozleSP3,OpKkozleSP3,OPOLSKIE,Kędzierzyn-Koźle,50.323611,18.251389
OpKkozleSP7,OpKkozleSP7,OPOLSKIE,Kędzierzyn-Koźle,50.344444,18.227778
OpKlucz227,OpKlucz227,OPOLSKIE,Kluczbork,50.973056,18.214167
OpKlucz235,OpKlucz235,OPOLSKIE,Kluczbork,50.974444,18.217508
OpKluczMicki,OpKlucz2pyl,OPOLSKIE,Kluczbork,50.972181,18.207575
OpNamys2pyl,OpNamys2pyl,OPOLSKIE,Namysłów,51.072222,17.718889
OpNysa237,OpNysa237,OPOLSKIE,Nysa,50.473611,17.333556
OpNysaRodzie,OpNysa3pyl,OPOLSKIE,Nysa,50.458989,17.331906
OpOlesno3pyl,OpOlesno3pyl,OPOLSKIE,Olesno,50.876389,18.418611
OpOlesSlowac,OpOlesno4a,OPOLSKIE,Olesno,50.876983,18.416878
OpOpole244,OpOpole244,OPOLSKIE,Opole,50.682222,17.946111
OpOpole246,OpOpole246,OPOLSKIE,Opole,50.675278,17.937222
OpOpole45,OpOpole45,OPOLSKIE,Opole,50.666111,17.937778
OpOpole45p,OpOpole45p,OPOLSKIE,Opole,50.666111,17.937778
OpOpoleKoszy,OpOpoleKoszy,OPOLSKIE,Opole,50.666736,17.899137
OpOpoleMinor,OpOpole3a,OPOLSKIE,Opole,50.666961,17.922797
OpOpoleOsAKr,OpOpole4pyl,OPOLSKIE,Opole,50.676856,17.950278
OpPrud189,OpPrud189,OPOLSKIE,Prudnik,50.321111,17.5775
OpPrud189p,OpPrud189p,OPOLSKIE,Prudnik,50.321111,17.577778
OpSkozleSP5,OpSkozleSP5,OPOLSKIE,Stare Koźle,50.306944,18.219444
OpStrzel239,OpStrzel239,OPOLSKIE,Strzelce Opolskie,50.509444,18.303611
OpStrzel247,OpStrzel247,OPOLSKIE,Strzelce Opolskie,50.513889,18.303892
OpZdze12392,OpZdze12392,OPOLSKIE,Zdzieszowice,50.435278,18.132514
OpZdziePiast,OpZdze2a,OPOLSKIE,Zdzieszowice,50.423533,18.120739
PdAugSzpitalna,PdAugSzpitalna,PODLASKIE,Augustów,53.851342,22.993628
PdAugustoZdrMOB,PdAugustoZdrMOB,PODLASKIE,Augustów,53.859528,23.00075
PdBialPulPie,PdBialyPodmiejska,PODLASKIE,Białystok,53.138614,23.229903
PdBialWarsza,PdBialyWarszawska,PODLASKIE,Białystok,53.129306,23.181744
PdBialWaszyn,PdBialyMiejska,PODLASKIE,Białystok,53.126689,23.155869
PdBialyBroniewsk,PdBialyBroniewsk,PODLASKIE,Białystok,53.140469,23.134272
PdBialyLegionowa,PdBialyLegionowa,PODLASKIE,Białystok,53.130933,23.159853
PdBialyLegionowa8,PdBialyLegionowa8,PODLASKIE,Białystok,53.131111,23.158889
PdBialyPorzeczkowa,PdBialyPorzeczkowa,PODLASKIE,Białystok,53.151186,23.119169
PdBialyWarszaw,PdBialyWarszaw,PODLASKIE,Białystok,53.131078,23.174142
PdBiePodKosciuszki,PdBiePodKosciuszki,PODLASKIE,Bielsk Podlaski,52.769472,23.187025
PdBorsukowiz,PdBorsuWiejska,PODLASKIE,Borsukowizna,53.215492,23.642153
PdGrajewKonsty3M,PdGrajewKonsty3M,PODLASKIE,Grajewo,53.643994,22.461244
PdGrajNowickiego,PdGrajNowickiego,PODLASKIE,Grajewo,53.648508,22.4509
PdHajnowkJagMOB,PdHajnowkJagMOB,PODLASKIE,Hajnówka,52.739528,23.586139
PdLomSikorsk,PdLomzaSikorskiego,PODLASKIE,Łomża,53.181394,22.054381
PdLomzaKopernika16,PdLomzaKopernika16,PODLASKIE,Łomża,53.174836,22.075947
PdLomzaSadowa,PdLomzaSadowa,PODLASKIE,Łomża,53.177778000000004,22.0825
PdSiemPilsudskiego,PdSiemPilsudskiego,PODLASKIE,Siemiatycze,52.423019,22.863833
PdSokol1Maja,PdSokol1Maja,PODLASKIE,Sokółka,53.404722,23.499444
PdSuw1Maja,PdSuw1Maja,PODLASKIE,Suwałki,54.099675,22.935967
PdSuwPulaski,PdSuwPulaski,PODLASKIE,Suwałki,54.117878,22.934608
PdZambObronZamb,PdZambObronZamb,PODLASKIE,Zambrów,52.985556,22.253333
PkCzarnaWSSENafGaz,PkCzarnaWSSENafGaz,PODKARPACKIE,Czarna,49.308889,22.663903
PkDebicaWSSEParkow,PkDebicaWSSEParkow,PODKARPACKIE,Dębica,50.046667,21.402222
PkDebiGrottg,PkDebicaWIOSGrottgera,PODKARPACKIE,Dębica,50.054786,21.416256
PkGorzycWSSEKEN,PkGorzycWSSEKEN,PODKARPACKIE,Gorzyce,50.657792,21.84528
PkHorZdrWSSESobies,PkHorZdrWSSESobies,PODKARPACKIE,Horyniec-Zdrój,50.189167,23.362222
PkIwonZdrRab,PkIwonZdrRab,PODKARPACKIE,Iwonicz-Zdrój,49.565183,21.791308
PkIwZdrWSSEToros,PkIwZdrWSSEToros,PODKARPACKIE,Iwonicz-Zdrój,49.561388,21.78888
PkJarosPruch,PkJarosWIOSPWSTE,PODKARPACKIE,Jarosław,50.012083,22.674772
PkJarosWIOSJanPawII,PkJarosWIOSJanPawII,PODKARPACKIE,Jarosław,50.015833,22.672778
PkJarosWSSE3Maja,PkJarosWSSE3Maja,PODKARPACKIE,Jarosław,50.013333,22.693056
PkJarosWSSEGrunw,PkJarosWSSEGrunw,PODKARPACKIE,Jarosław,50.016389,22.680278
PkJasloSikor,PkJasloWIOSSikorskiego,PODKARPACKIE,Jasło,49.744886,21.454617
PkJasloWIOSFabr,PkJasloWIOSFabr,PODKARPACKIE,Jasło,49.754444,21.541117
PkJasloWIOSFlor,PkJasloWIOSFlor,PODKARPACKIE,Jasło,49.739167,21.482778
PkJasloWIOSFlor2,PkJasloWIOSFlor2,PODKARPACKIE,Jasło,49.739444,21.482222
PkJasloWIOSMickiew,PkJasloWIOSMickiew,PODKARPACKIE,Jasło,49.748056,21.463889000000002
PkJasloWSSE3Maja,PkJasloWSSE3Maja,PODKARPACKIE,Jasło,49.739444,21.483056
PkJasloWSSEFloria,PkJasloWSSEFloria,PODKARPACKIE,Jasło,49.7475,21.471667
PkJasloWSSEKoralew,PkJasloWSSEKoralew,PODKARPACKIE,Jasło,49.747222,21.471389
PkJasloWSSESrocz,PkJasloWSSESrocz,PODKARPACKIE,Jasło,49.751944,21.482778
PkKolbWSSETyszk,PkKolbWSSETyszk,PODKARPACKIE,Kolbuszowa,50.248056,21.778889
PkKomanWSSEOsZdr,PkKomanWSSEOsZdr,PODKARPACKIE,Komańcza,49.336111,22.068889
PkKrempnaMPN,PkKrempnaWIOSMPN,PODKARPACKIE,Krempna,49.511297,21.498606
PkKrempWIOSGrab,PkKrempWIOSGrab,PODKARPACKIE,Grab,49.433611,21.445
PkKrosKletow,PkKrosnoWIOSKletowki,PODKARPACKIE,Krosno,49.690169,21.7497
PkKrosnoWSSEKisiel,PkKrosnoWSSEKisiel,PODKARPACKIE,Krosno,49.683889,21.755278
PkKrosnoWSSEKisielewskiego,PkKrosnoWSSEKisielewskiego,PODKARPACKIE,Krosno,49.683611,21.755556
PkKrosnoWSSELewak,PkKrosnoWSSELewak,PODKARPACKIE,Krosno,49.693889,21.755278
PkKrosnoWSSEStasz,PkKrosnoWSSEStasz,PODKARPACKIE,Krosno,49.691667,21.767222
PkLeskoWSSERynek,PkLeskoWSSERynek,PODKARPACKIE,Lesko,49.468889,22.331111
PkLubaczWSSEMickiew,PkLubaczWSSEMickiew,PODKARPACKIE,Lubaczów,50.160833,23.120833
PkMielBierna,PkMielBierna,PODKARPACKIE,Mielec,50.299128,21.440942
PkMielPogodn,PkMielPogodn,PODKARPACKIE,Mielec,50.318036,21.486372
PkMielSolski,PkMielecWIOSSolskiego,PODKARPACKIE,Mielec,50.300761,21.434331
PkMielWSSEGrunw,PkMielWSSEGrunw,PODKARPACKIE,Mielec,50.296667,21.435833
PkMielWSSESklodow,PkMielWSSESklodow,PODKARPACKIE,Mielec,50.295278,21.441667
PkMielZaStre,PkMielWIOSZarzStr,PODKARPACKIE,Mielec,50.304008,21.4712
PkNiskoSzkla,PkNiskoWIOSSzklar,PODKARPACKIE,Nisko,50.529892,22.112467
PkPolanWSSEStPomp,PkPolanWSSEStPomp,PODKARPACKIE,Polańczyk,49.37,22.426389
PkPrzemGrunw,PkPrzemyslWIOSGrunw,PODKARPACKIE,Przemyśl,49.784339,22.756239
PkPrzemWIOSDolin,PkPrzemWIOSDolin,PODKARPACKIE,Przemyśl,49.786667,22.758056
PkPrzemWIOSPDom,PkPrzemWIOSPDom,PODKARPACKIE,Przemyśl,49.782778,22.766667
PkPrzemWSSEGlaz,PkPrzemWSSEGlaz,PODKARPACKIE,Przemyśl,49.786667,22.759167
PkPrzemWSSEMariac,PkPrzemWSSEMariac,PODKARPACKIE,Przemyśl,49.778333,22.788611
PkPrzemyslWIOSMick,PkPrzemyslWIOSMick,PODKARPACKIE,Przemyśl,49.782433,22.782908
PkPrzewWSSERynek,PkPrzewWSSERynek,PODKARPACKIE,Przeworsk,50.056389,22.478056
PkRymZdrPark,PkRymZdrPark,PODKARPACKIE,Rymanów-Zdrój,49.546539,21.851006
PkRymZdrWSSEZdr,PkRymZdrWSSEZdr,PODKARPACKIE,Rymanów-Zdrój,49.546944,21.849444
PkRzeszRejta,PkRzeszWIOSNoweMiasto,PODKARPACKIE,Rzeszów,50.024242,22.010575
PkRzeszWIOSSzop,PkRzeszWIOSSzop,PODKARPACKIE,Rzeszów,50.034031,22.010733
PkRzeszWSSEGrunw,PkRzeszWSSEGrunw,PODKARPACKIE,Rzeszów,50.040278,22.001944
PkRzeszWSSEPilsud,PkRzeszWSSEPilsud,PODKARPACKIE,Rzeszów,50.041389,22.001667
PkRzeszWSSEPoniat,PkRzeszWSSEPoniat,PODKARPACKIE,Rzeszów,50.033889,21.996944
PkRzeszWSSESkubisz,PkRzeszWSSESkubisz,PODKARPACKIE,Rzeszów,50.053889,21.981944
PkRzeszWSSEWierzb,PkRzeszWSSEWierzb,PODKARPACKIE,Rzeszów,50.034167,22.014444
PkSanokWSSEJanPawl,PkSanokWSSEJanPawl,PODKARPACKIE,Sanok,49.571111,22.197778
PkSanokWSSEJezier,PkSanokWSSEJezier,PODKARPACKIE,Sanok,49.550278,22.201111
PkSanokWSSEMickew,PkSanokWSSEMickew,PODKARPACKIE,Sanok,49.560278,22.201944
PkSanoSadowa,PkSanokWIOSSadowa,PODKARPACKIE,Sanok,49.571731,22.195892
PkStWolWSSENiezl,PkStWolWSSENiezl,PODKARPACKIE,Stalowa Wola,50.570833,22.048611
PkTarnDabrow,PkTarnobWIOSDabrow,PODKARPACKIE,Tarnobrzeg,50.575742,21.688367
PkTarnobWIOSSwBarb,PkTarnobWIOSSwBarb,PODKARPACKIE,Tarnobrzeg,50.568889,21.683894
PkTarnobWSSE1Maja,PkTarnobWSSE1Maja,PODKARPACKIE,Tarnobrzeg,50.569722,21.664444
PkTarnobWSSEWarszaw,PkTarnobWSSEWarszaw,PODKARPACKIE,Tarnobrzeg,50.636111,21.753889
PkTarnobWSSEWiejs,PkTarnobWSSEWiejs,PODKARPACKIE,Tarnobrzeg,50.586111,21.686111
PkUsDolWSSEKoper,PkUsDolWSSEKoper,PODKARPACKIE,Ustrzyki Dolne,49.430833,22.590556
PkUstDolWSSEBelz,PkUstDolWSSEBelz,PODKARPACKIE,Ustrzyki Dolne,49.430556,22.588611
Pm.00.s218m,Pm.00.s218m,POMORSKIE,Gdynia,54.515556,18.538889
Pm.00.s231m,Pm.00.s231m,POMORSKIE,Sopot,54.44,18.568333
Pm.00.s234m,Pm.00.s234m,POMORSKIE,Gdynia,54.473333,18.498333
Pm.00.s237m,Pm.00.s237m,POMORSKIE,Gdynia,54.508097,18.539853
Pm.00.s428m,Pm.00.s428m,POMORSKIE,Gdańsk,54.365833,18.627778
Pm.00.s473m,Pm.00.s473m,POMORSKIE,Gdańsk,54.402222,18.664167
Pm.00.s476m,Pm.00.s476m,POMORSKIE,Gdańsk,54.386111,18.612222
Pm.00.s477m,Pm.00.s477m,POMORSKIE,Gdańsk,54.355278,18.650556
Pm.00.s479m,Pm.00.s479m,POMORSKIE,Gdańsk,54.358333,18.586111
Pm.01w.01m,Pm.01w.01m,POMORSKIE,Gdynia,54.494444,18.554167
Pm.02.s631m,Pm.02.s631m,POMORSKIE,Chojnice,53.695,17.557778
Pm.04.s472m,Pm.04.s472m,POMORSKIE,Pruszcz Gdański,54.259722,18.633611
Pm.06.s711m,Pm.06.s711m,POMORSKIE,Kościerzyna,54.1225,17.978611
Pm.06.s712m,Pm.06.s712m,POMORSKIE,Kościerzyna,54.119167,17.968611
Pm.07.s005m,Pm.07.s005m,POMORSKIE,Kwidzyn,53.733056,18.926111
Pm.08.s076m,Pm.08.s076m,POMORSKIE,Lębork,54.539167,17.742778
Pm.08.s077m,Pm.08.s077m,POMORSKIE,Łeba,54.764722,17.563889
Pm.09.s067m,Pm.09.s067m,POMORSKIE,Malbork,54.031667,19.034167
Pm.12.s063m,Pm.12.s063m,POMORSKIE,Ustka,54.588056,16.854167
Pm.13.s618m,Pm.13.s618m,POMORSKIE,Starogard Gdański,53.966667,18.534444
Pm.14.s512m,Pm.14.s512m,POMORSKIE,Tczew,54.090278,18.797222
Pm14TCZEw06m,Pm14TCZEw06m,POMORSKIE,Tczew,54.086944,18.797222
Pm.15.s128m,Pm.15.s128m,POMORSKIE,Wejherowo,54.608611,18.248056
Pm.63.s073m,Pm.63.s073m,POMORSKIE,Słupsk,54.468611,17.036111
Pm.63.s079m,Pm.63.s079m,POMORSKIE,Słupsk,54.464444,17.013056
Pm.63.wDSMm,Pm.63.wDSMm,POMORSKIE,Słupsk,54.463611,17.046667
Pm.a09a,Pm.a09a,POMORSKIE,Gdynia,54.483333,18.55
Pm.aw07m,Pm.aw07m,POMORSKIE,Tczew,54.082164,18.786156
PmGac,Pm.D,POMORSKIE,Gać,54.693806,17.458067
PmGdaGleboka,Pm.00.s481m,POMORSKIE,Gdańsk,54.352722,18.673417
PmGdaKacze02,Pm.a02a,POMORSKIE,Gdańsk,54.367778,18.701111
PmGdaLecz08m,Pm.aw08m,POMORSKIE,Gdańsk,54.380279,18.620274
PmGdaLeczk08,Pm.a08a,POMORSKIE,Gdańsk,54.380279,18.620274
PmGdaOstrz05,Pm.a05a,POMORSKIE,Gdańsk,54.328336,18.557781
PmGdaPoWie01,Pm.a01a,POMORSKIE,Gdańsk,54.353336,18.635283
PmGdaPowWiel,Pm.01w.02m,POMORSKIE,Gdańsk,54.398639,18.614333
PmGdaWyzwo03,Pm.a03a,POMORSKIE,Gdańsk,54.400833,18.657497
PmGdyJozBema,Pm.00.w237m,POMORSKIE,Gdynia,54.50805,18.539831
PmGdyPoreb04,Pm.a04a,POMORSKIE,Gdynia,54.560836,18.493331
PmGdySzaf09N,Pm.a09aN,POMORSKIE,Gdynia,54.465758,18.464911
PmGdyWendy10,Pm.a10a,POMORSKIE,Gdynia,54.525274,18.536382
PmKartWejher,Pm05KARTw01m,POMORSKIE,Kartuzy,54.334194,18.199944
PmKosTargo12,Pm.AM12.a,POMORSKIE,Kościerzyna,54.120694,17.975861
PmKwiSportow,Pm.Kwidz.Sport.m,POMORSKIE,Kwidzyn,53.722361,18.936917
PmLebaRabkaE,Pm08LEBAiEMEPa,POMORSKIE,Łeba,54.754139,17.534528
PmLebMalcz16,Pm.AM16.a,POMORSKIE,Lębork,54.546167,17.746194
PmLinieKos17,Pm.AM17.a,POMORSKIE,Liniewko Kościerskie,54.104111,18.182972
PmMalMicki15,Pm.AM15.a,POMORSKIE,Malbork,54.031247,19.032899
PmSlupKniazi,Pm.63.wDSAa,POMORSKIE,Słupsk,54.463611,17.046722
PmSlupOrzesz,Pm.63.wDSPm,POMORSKIE,Słupsk,54.475611,17.030733
PmSopBitPl06,Pm.a06a,POMORSKIE,Sopot,54.431667,18.579722
PmStaGdaLubi,Pm.polpharma.01.a,POMORSKIE,Starogard Gdański,53.965664,18.527636
PmTczeTarg07,Pm.a07a,POMORSKIE,Tczew,54.085836,18.787506
PmWejhPlWejh,Pm.15.s129m,POMORSKIE,Wejherowo,54.601139,18.239361
PmWladywHallera,Pm11WLADw07m,POMORSKIE,Władysławowo,54.793639,18.409944
SkBuskoRzew,SkBuskoRzew,ŚWIĘTOKRZYSKIE,Busko-Zdrój,50.456472,20.719294
SkBuskoWios,SkBuskoWios,ŚWIĘTOKRZYSKIE,Busko-Zdrój,50.456087,20.71942
SkBuskRokosz,SkBuskoWios2,ŚWIĘTOKRZYSKIE,Busko-Zdrój,50.453653,20.715442
SkChecBiaZag,SkChecBiaZag,ŚWIĘTOKRZYSKIE,Chęciny,50.80448,20.469887
SkKielGalcz,SkKielGalcz,ŚWIĘTOKRZYSKIE,Kielce,50.883611,20.646667
SkKielIXWiek,SkKielIXWiek,ŚWIĘTOKRZYSKIE,Kielce,50.87594,20.629325
SkKielJagiel,SkKielJagielWios,ŚWIĘTOKRZYSKIE,Kielce,50.872549,20.604998
SkKielJagielWSSE,SkKielJagielWSSE,ŚWIĘTOKRZYSKIE,Kielce,50.872538,20.605046
SkKielKusoci,SkKielKusoc,ŚWIĘTOKRZYSKIE,Kielce,50.854218,20.602583
SkKielTransp,SkKielTransp,ŚWIĘTOKRZYSKIE,Kielce,50.875,20.629167
SkKielWarsza,SkKielWarsza,ŚWIĘTOKRZYSKIE,Kielce,50.894374,20.657988
SkKonskArmKr,SkKonskArmKr,ŚWIĘTOKRZYSKIE,Końskie,51.197886,20.412946
SkMalo11List,SkMalogCemen3,ŚWIĘTOKRZYSKIE,Małogoszcz,50.808305,20.271141
SkMalogCemen,SkMalogCemen,ŚWIĘTOKRZYSKIE,Małogoszcz,50.827467,20.288276
SkMalogCemen2,SkMalogCemen2,ŚWIĘTOKRZYSKIE,Małogoszcz,50.808311,20.271165
SkMaloSlonec,SkMaloSlonec,ŚWIĘTOKRZYSKIE,Małogoszcz,50.809563,20.266099
SKNowinyCemen,SKNowinyCemen,ŚWIĘTOKRZYSKIE,Sitkówka Nowiny,50.803894,20.543278
SkNowiParkow,SkNowinyCemen2,ŚWIĘTOKRZYSKIE,Nowiny,50.823108,20.533506
SkOstrowKatD,SkOstrowKatD,ŚWIĘTOKRZYSKIE,Ostrowiec Świętokrzyski,50.945917,21.462007
SkOstrowOsSl,SkOstrowOsSl,ŚWIĘTOKRZYSKIE,Ostrowiec Świętokrzyski,50.945938,21.389985
SkOstrowSams,SkOstrowSams,ŚWIĘTOKRZYSKIE,Ostrowiec Świętokrzyski,50.948629,21.433543
SkOstrowWios,SkOstrowWios,ŚWIĘTOKRZYSKIE,Ostrowiec Świętokrzyski,50.945942,21.390117
SkOzarOsWzgo,SkOzarowOsWz52,ŚWIĘTOKRZYSKIE,Ożarów,50.887132,21.660726
SkOzarowMiec,SkOzarowMiec,ŚWIĘTOKRZYSKIE,Mieczysławów,50.947775,21.729241
SkOzarowOsWz,SkOzarowOsWz,ŚWIĘTOKRZYSKIE,Ożarów,50.893171,21.655157
SkPolaRuszcz,SkPolanRuszcz,ŚWIĘTOKRZYSKIE,Połaniec,50.429014,21.277367
SkSandomMac,SkSandomMac,ŚWIĘTOKRZYSKIE,Sandomierz,50.685,21.729167
SkSkarzSlow,SkSkarzSlow,ŚWIĘTOKRZYSKIE,Skarżysko-Kamienna,51.114444,20.866111
SkSolecZdroj,SkSolecZdroj,ŚWIĘTOKRZYSKIE,Solec Zdrój,50.360971,20.882003
SkSolecZdrojMOB,SkSolecZdrojMOB,ŚWIĘTOKRZYSKIE,Solec Zdrój,50.358659,20.886184
SkStaracMur,SkStaracMur,ŚWIĘTOKRZYSKIE,Starachowice,51.050517,21.092158
SkStaracZlota,SkStaracZlota,ŚWIĘTOKRZYSKIE,Starachowice,51.05048,21.084699
SkStaraZlota,SkStaracZlota2,ŚWIĘTOKRZYSKIE,Starachowice,51.050611,21.084175
SkSwietKrzyz,SkSwKrzyzZM,ŚWIĘTOKRZYSKIE,Święty Krzyż,50.86225,21.053006
SkTrzciOsiek,SkPolanTrzc,ŚWIĘTOKRZYSKIE,Trzcianka,50.486298,21.394103
SlBielKossak,SlBielbBiel_kossa,ŚLĄSKIE,Bielsko-Biała,49.813464,19.027318
SlBielSterni,SlBielbBiel_stern,ŚLĄSKIE,Bielsko-Biała,49.806389,19.023194
SlBytomByto_modrz,SlBytomByto_modrz,ŚLĄSKIE,Bytom,50.333333,18.896111
SlChorzChor_bator,SlChorzChor_bator,ŚLĄSKIE,Chorzów,50.254167,18.936944
SlCiesMickie,SlCieszCies_13mic,ŚLĄSKIE,Cieszyn,49.738136,18.639069
SlCieszCies_dojaz,SlCieszCies_dojaz,ŚLĄSKIE,Cieszyn,49.751667,18.6275
SlCzerKopaln,SlCzerKopaln,ŚLĄSKIE,Czerwionka-Leszczyny,50.16385,18.659977
SlCzestCzes_arkra,SlCzestCzes_arkra,ŚLĄSKIE,Częstochowa,50.817778,19.1175
SlCzestoArmK,SlCzestCzes_arkr1,ŚLĄSKIE,Częstochowa,50.817676,19.117426
SlCzestoBacz,SlCzestCzes_baczy,ŚLĄSKIE,Częstochowa,50.836389,19.130111
SlCzestoZana,SlCzestCzes_zana6,ŚLĄSKIE,Częstochowa,50.801918,19.106961
SlDabro1000L,SlDabroDabr_1000L,ŚLĄSKIE,Dąbrowa Górnicza,50.329111,19.231222
SlGliwicMewy,SlGliwiGliw_mewy,ŚLĄSKIE,Gliwice,50.279333,18.655764
SlGodGliniki,SlGodowWodz_wodzi,ŚLĄSKIE,Godów,49.921875,18.471278
SlJastrJast_harce,SlJastrJast_harce,ŚLĄSKIE,Jastrzębie-Zdrój,49.952222,18.610278
SlJaworJawo_poczt,SlJaworJawo_poczt,ŚLĄSKIE,Jaworzno,50.202222,19.277222
SlKatoKossut,SlKatowKato_kossu,ŚLĄSKIE,Katowice,50.264611,18.975028
SlKatoPlebA4,SlKatowKato_aleja,ŚLĄSKIE,Katowice,50.246795,19.019469
SlKatowKato_racib,SlKatowKato_racib,ŚLĄSKIE,Katowice,50.255278,19.004167
SlKnurJedNar,SlKnuroKnu1_gliwi,ŚLĄSKIE,Knurów,50.233167,18.655722
SlLublPiasko,SlLubliLubl_piask,ŚLĄSKIE,Lubliniec,50.658357,18.69622
SlMiastMias_norwi,SlMiastMias_norwi,ŚLĄSKIE,Miasteczko Śląskie,50.489722,18.918333
SlMyszMiedzi,SlMyszkMysz_myszk,ŚLĄSKIE,Myszków,50.579733,19.3267
SlPszczBoged,SlPszczPszc_boged,ŚLĄSKIE,Pszczyna,49.972177,18.947218
SlRacibRaci_studz,SlRacibRaci_studz,ŚLĄSKIE,Racibórz,50.060833,18.191111
SlRudasRuda_1maja,SlRudasRuda_1maja,ŚLĄSKIE,Ruda Śląska,50.271944,18.863056
SlRybniBorki,SlRybniRybn_borki,ŚLĄSKIE,Rybnik,50.111181,18.516139
SlRybniRybn_szafr,SlRybniRybn_szafr,ŚLĄSKIE,Rybnik,50.095556,18.5475
SlSosnoLubel,SlSosnoSosn_lubel,ŚLĄSKIE,Sosnowiec,50.285956,19.184399
SlSosnoSosn_narut,SlSosnoSosn_narut,ŚLĄSKIE,Sosnowiec,50.273889,19.146956
SlTarnoLitew,SlTarnoTarn_litew,ŚLĄSKIE,Tarnowskie Góry,50.444736,18.829639
SlTychyTolst,SlTychyTych_tolst,ŚLĄSKIE,Tychy,50.099903,18.990236
SlUstroCies_sanat,SlUstroCies_sanat,ŚLĄSKIE,Ustroń,49.724722,18.825
SlUstronSana,SlUstroCies_sana7,ŚLĄSKIE,Ustroń,49.719731,18.826722
SlWodzGalczy,SlWodziWodz_galcz,ŚLĄSKIE,Wodzisław Śląski,50.007629,18.455548
SlWodziWodz_bogum,SlWodziWodz_bogum,ŚLĄSKIE,Wodzisław Śląski,50.000556,18.458333
SlZabSkloCur,SlZabrzZabr_sklod,ŚLĄSKIE,Zabrze,50.3165,18.772375
SlZawSkloCur,SlZawieZawi_zawie,ŚLĄSKIE,Zawiercie,50.47954,19.43301
SlZlotPotLes,SlZlotyJano_lesni,ŚLĄSKIE,Złoty Potok,50.710889,19.458797
SlZorymZory_wojsk,SlZorymZory_wojsk,ŚLĄSKIE,Żory,50.045278,18.684444
SlZorySikor2,SlZorySikor2,ŚLĄSKIE,Żory,50.029416,18.689526999999998
SlZorySikors,SlZoryzZory_sikor,ŚLĄSKIE,Żory,50.028681,18.691222
SlZywieKoper,SlZywieZywi_koper,ŚLĄSKIE,Żywiec,49.671602,19.234446
SlZywieSlowa,SlZywieZywi_slowa,ŚLĄSKIE,Żywiec,49.687897,19.205877
WmBartoWSSE_Boh_War,WmBartoWSSE_Boh_War,WARMIŃSKO-MAZURSKIE,Bartoszyce,54.252222,20.810278
WmDzialdWSSE_Biedraw,WmDzialdWSSE_Biedraw,WARMIŃSKO-MAZURSKIE,Działdowo,53.232778,20.177778
WmElbBazynsk,WmElblagWIOS_Bazynsk,WARMIŃSKO-MAZURSKIE,Elbląg,54.167847,19.410942
WmElblagWSSE_Hetma,WmElblagWSSE_Hetma,WARMIŃSKO-MAZURSKIE,Elbląg,54.185278,19.405556
WmElblagWSSE_Kalen,WmElblagWSSE_Kalen,WARMIŃSKO-MAZURSKIE,Elbląg,54.154722,19.406944
WmElblagWSSE_Krole,WmElblagWSSE_Krole,WARMIŃSKO-MAZURSKIE,Elbląg,54.179167,19.430556
WmElblagWSSE_Zajchow,WmElblagWSSE_Zajchow,WARMIŃSKO-MAZURSKIE,Elbląg,54.164722,19.415833
WmElkStadion,WmElkStadion,WARMIŃSKO-MAZURSKIE,Ełk,53.828455,22.34845
WmElkWIOS_PM10,WmElkWIOS_PM10,WARMIŃSKO-MAZURSKIE,Ełk,53.831389,22.350278
WmElk_WSSE_Toru,WmElk_WSSE_Toru,WARMIŃSKO-MAZURSKIE,Ełk,53.831389,22.350278
WmGizyckWIOS_Wodoc,WmGizyckWIOS_Wodoc,WARMIŃSKO-MAZURSKIE,Giżycko,54.0425,21.781389
WmGizyckWSSE_Suwals,WmGizyckWSSE_Suwals,WARMIŃSKO-MAZURSKIE,Giżycko,54.036389,21.786389
WmGlitajn,WmGlitajn,WARMIŃSKO-MAZURSKIE,Glitajny,54.184728,21.152914
WmGoldJacwie,WmGoldapWIOS_Jacwies,WARMIŃSKO-MAZURSKIE,Gołdap,54.305908,22.307681
WmIlawAnders,WmIlawaAnd,WARMIŃSKO-MAZURSKIE,Iława,53.58795,19.564703
WmIlawaWSSE_Anders,WmIlawaWSSE_Anders,WARMIŃSKO-MAZURSKIE,Iława,53.586944,19.583333
WmKetrzWSSE_Pilsud,WmKetrzWSSE_Pilsud,WARMIŃSKO-MAZURSKIE,Kętrzyn,54.078333,21.371944
WmKorszeR,WmKorszeR,WARMIŃSKO-MAZURSKIE,Korsze,54.170325,21.13505
WmMragowWSSE_Krolew,WmMragowWSSE_Krolew,WARMIŃSKO-MAZURSKIE,Mrągowo,53.874444,21.303611
WmMragParkow,WmMragowWIOS_Parkowa,WARMIŃSKO-MAZURSKIE,Mrągowo,53.866133,21.296122
WmNiTraugutt,WmNidzicaWIOS_Traugut,WARMIŃSKO-MAZURSKIE,Nidzica,53.361144,20.422036
WmOlsPuszkin,WmOlsztyWIOS_Puszkin,WARMIŃSKO-MAZURSKIE,Olsztyn,53.789233,20.486075
WmOlsztyWSSE_Niepodl,WmOlsztyWSSE_Niepodl,WARMIŃSKO-MAZURSKIE,Olsztyn,53.770833,20.49
WmOlsztyWSSE_Zolnier,WmOlsztyWSSE_Zolnier,WARMIŃSKO-MAZURSKIE,Olsztyn,53.770833,20.49
WmOstrChrobr,WmOstrodWIOS_Chrobre,WARMIŃSKO-MAZURSKIE,Ostróda,53.692469,19.969778
WmOstrodWSSE_Czarnec,WmOstrodWSSE_Czarnec,WARMIŃSKO-MAZURSKIE,Ostróda,53.696111,19.963333
WmOstrPilsud,WmOstrPilsud,WARMIŃSKO-MAZURSKIE,Ostróda,53.694628,19.968892
WmPuszczaBor,WmPuszcz_IOS_Borecka,WARMIŃSKO-MAZURSKIE,Diabla Góra,54.124819,22.038056
WmSzczytWSSE_Sklodow,WmSzczytWSSE_Sklodow,WARMIŃSKO-MAZURSKIE,Szczytno,53.565278,20.988889
WpBoroDrapal,WpWKP011/10,WIELKOPOLSKIE,Borówiec,52.276794,17.074114
WpGniePaczko,WpGnieznoPM10/11,WIELKOPOLSKIE,Gniezno,52.539861,17.611961
WpGnieznoPM10,WpGnieznoPM10,WIELKOPOLSKIE,Gniezno,52.536111,17.605278
WpKaliSawick,WpWKPKalisz007/10,WIELKOPOLSKIE,Kalisz,51.749053,18.048389
WpKaliszMajkow,WpKaliszMajkow,WIELKOPOLSKIE,Kalisz,51.775,18.080556
WpKaliszPM10,WpKaliszPM10,WIELKOPOLSKIE,Kalisz,51.757222,18.086667
WpKoniWyszyn,WpKonin311009D009102,WIELKOPOLSKIE,Konin,52.225633,18.269036
WpLeszKiepur,WpLesznoPM10/11,WIELKOPOLSKIE,Leszno,51.840461,16.605044
WpLeszno411000,WpLeszno411000,WIELKOPOLSKIE,Leszno,51.847778,16.574722
WpNoTomSzpit,WpNowyTomyslPM10/11,WIELKOPOLSKIE,Nowy Tomyśl,52.316728,16.141903
WpOstWieWyso,WpOstrowWlkpPM10,WIELKOPOLSKIE,Ostrów Wielkopolski,51.637575,17.823156
WpPiaskiKrzy,WpWKP004,WIELKOPOLSKIE,Krzyżówka,52.501389,17.773464
WpPilaKusoci,WpPila5710111,WIELKOPOLSKIE,Piła,53.154408,16.759572
WpPleszAlMic,WpPleszewPM10/14,WIELKOPOLSKIE,Pleszew,51.884922,17.791106
WpPoznanPM10szpital,WpPoznanPM10szpital,WIELKOPOLSKIE,Poznań,52.389444,16.920833
WpPoznChwial,WpPoznanPOSIRPM10/11,WIELKOPOLSKIE,Poznań,52.392967,16.928428
WpPoznDabrow,WpWKP002,WIELKOPOLSKIE,Poznań,52.420319,16.877289
WpPoznPolank,WpWKP001,WIELKOPOLSKIE,Poznań,52.398175,16.959519
WpPoznSzyman,WpPoznanSzymanowskiego17,WIELKOPOLSKIE,Poznań,52.459192,16.9062
WpTarPodZach,WpTarnowoPodgornePM10/10,WIELKOPOLSKIE,Tarnowo Podgórne,52.467407,16.645903
WpWagrowLipo,WpWagrowiecPM10/10,WIELKOPOLSKIE,Wągrowiec,52.815539,17.208061
WpWKP003,WpWKP003,WIELKOPOLSKIE,Mścigniew,51.894722,16.296944
WpWKP009,WpWKP009,WIELKOPOLSKIE,Piotrkowice,52.353806,18.345576
WpWKP010,WpWKP010,WIELKOPOLSKIE,Adamów,52.153849,18.362573
ZpGolGoleniowWSSE,ZpGolGoleniowWSSE,ZACHODNIOPOMORSKIE,Goleniów,53.5635,14.833255
ZpGryfGryfinoDO,ZpGryfGryfinoDO,ZACHODNIOPOMORSKIE,Gryfino,53.248333,14.493611
ZpGryficeWSSE,ZpGryficeWSSE,ZACHODNIOPOMORSKIE,Gryfice,53.91257,15.1929
ZpGryfinoWSSE,ZpGryfinoWSSE,ZACHODNIOPOMORSKIE,Gryfino,53.261896,14.493203
ZpGryfMarwiceDO,ZpGryfMarwiceDO,ZACHODNIOPOMORSKIE,Marwice,53.165,14.413889
ZpGryfStokiDO,ZpGryfStokiDO,ZACHODNIOPOMORSKIE,Stoki,52.946944,14.342222
ZpKamKamienPWSSE,ZpKamKamienPWSSE,ZACHODNIOPOMORSKIE,Kamień Pomorski,53.96189,14.77514
ZpKolKolobrzegWSSE,ZpKolKolobrzegWSSE,ZACHODNIOPOMORSKIE,Kołobrzeg,54.183299,15.568399
ZpKolobrzegWSSE_1,ZpKolobrzegWSSE_1,ZACHODNIOPOMORSKIE,Kołobrzeg,54.184861,15.562999
ZpKolobrzegWSSE_2,ZpKolobrzegWSSE_2,ZACHODNIOPOMORSKIE,Kołobrzeg,54.180105,15.572321
ZpKoszalinWSSE,ZpKoszalinWSSE,ZACHODNIOPOMORSKIE,Koszalin,54.190258,16.196066
ZpKoszArKraj,ZpKoszalin005,ZACHODNIOPOMORSKIE,Koszalin,54.193986,16.172544
ZpKoszSpasow,ZpKoszalin006,ZACHODNIOPOMORSKIE,Koszalin,54.207158,16.193242
ZpKoszWSSEMors,ZpKoszWSSEMors,ZACHODNIOPOMORSKIE,Koszalin,54.199585,16.162706
ZpKoszWSSEMtCas,ZpKoszWSSEMtCas,ZACHODNIOPOMORSKIE,Koszalin,54.197191,16.188195
ZpMysDebnoWSSE,ZpMysDebnoWSSE,ZACHODNIOPOMORSKIE,Dębno,52.740653,14.713149
ZpMyslMWSSE,ZpMyslMWSSE,ZACHODNIOPOMORSKIE,Myślibórz,52.924613,14.865751
ZpMyslZaBram,ZpMysMysliborz007,ZACHODNIOPOMORSKIE,Myślibórz,52.926294,14.862817
ZpMysMysliborzWSSE,ZpMysMysliborzWSSE,ZACHODNIOPOMORSKIE,Myślibórz,52.916003,14.857194
ZpPolczynZdrWSSE,ZpPolczynZdrWSSE,ZACHODNIOPOMORSKIE,Połczyn-Zdrój,53.766389,16.0975
ZpPolPoliceWSSE,ZpPolPoliceWSSE,ZACHODNIOPOMORSKIE,Police,53.546878,14.561364
ZpStarLipnikDO,ZpStarLipnikDO,ZACHODNIOPOMORSKIE,Lipnik,53.341667,14.963889
ZpStarStargardWSSE,ZpStarStargardWSSE,ZACHODNIOPOMORSKIE,Stargard Szczeciński,53.337415,15.039209
ZpSwinoujscieWSSE,ZpSwinoujscieWSSE,ZACHODNIOPOMORSKIE,Świnoujście,53.921851,14.23995
ZpSzcStorkowoDO,ZpSzcStorkowoDO,ZACHODNIOPOMORSKIE,Storkowo,53.779722,16.497222
ZpSzcSzczecinek009,ZpSzcSzczecinek009,ZACHODNIOPOMORSKIE,Szczecinek,53.701978,16.707069
ZpSzcSzczecinekPSSE,ZpSzcSzczecinekPSSE,ZACHODNIOPOMORSKIE,Szczecinek,53.701978,16.706069
ZpSzcSzczecinekWSSE,ZpSzcSzczecinekWSSE,ZACHODNIOPOMORSKIE,Szczecinek,53.700083,16.701065
ZpSzczAndr01,ZpSzczecin001,ZACHODNIOPOMORSKIE,Szczecin,53.380975,14.663347
ZpSzczec1Maj,ZpSzcSzczecinek008,ZACHODNIOPOMORSKIE,Szczecinek,53.712114,16.692517
ZpSzczecinDO,ZpSzczecinDO,ZACHODNIOPOMORSKIE,Szczecin,53.428815,14.532333
ZpSzczecinLukasza,ZpSzczecinLukasza,ZACHODNIOPOMORSKIE,Szczecin,53.443477,14.552232
ZpSzczecinWSSE,ZpSzczecinWSSE,ZACHODNIOPOMORSKIE,Szczecin,53.45078,14.514745
ZpSzczecPrze,ZpSzcSzczecinek010,ZACHODNIOPOMORSKIE,Szczecinek,53.6989,16.704572
ZpSzczLacz04,ZpSzczecin004,ZACHODNIOPOMORSKIE,Szczecin,53.470889,14.55625
ZpSzczPils02,ZpSzczecin002,ZACHODNIOPOMORSKIE,Szczecin,53.432169,14.5539
ZpSzczWSSEEnerg,ZpSzczWSSEEnerg,ZACHODNIOPOMORSKIE,Szczecin,53.420475,14.561934
ZpSzczWSSESped6,ZpSzczWSSESped6,ZACHODNIOPOMORSKIE,Szczecin,53.415043,14.555347
ZpWalWalczWSSE,ZpWalWalczWSSE,ZACHODNIOPOMORSKIE,Wałcz,53.263667,16.492596
ZpWiduBulRyb,ZpGryfWiduchowa003,ZACHODNIOPOMORSKIE,Widuchowa,53.122325,14.382222
